id,summary,cluster
114746,?浙江杭州发现一例境外输入复阳无症状感染者,1
119311,河北｜石家庄：第三轮全员核酸检出阳性样本 30 例 83.3% 来自隔离点,1
119241,"记者从哈尔滨机场了解到：由于疫情防控工作需要，根据相关部门要求，即日（1月22日）起，哈尔滨机场长途巴士大庆往返哈尔滨线路临时停运，恢复时间另行通知，如有不便敬请广大旅客谅解。（总台央视记者 郭晓光）
（编辑 刘洋）",1
119250,"1月22日，银保监会首席风险官兼新闻发言人肖远企在国务院新闻办公室举行的新闻发布会上回答记者有关互联网公司美团近期宣布关停网络互助有关问题时介绍，美团互助确实是在1月15日下午5点发布公告宣布在1月31日正式关停互助业务。前段时间百度也宣布关闭互联网旗下互助平台。
肖远企表示，我们觉得美团互助偏离美团主业和逆选择风险的增加是它关闭的主要原因，下一步将对网络公司做网络互助业务进一步关注，了解其运行的",1
119218,"22日上午10时，吉林省通化市召开疫情防控第九场新闻发布会。会上，通化市副市长蒋海燕通报，2021年1月21日0―24时，通化市新增确诊病例9例，其中1例系由此前通报的无症状感染者转为确诊病例，本次输入性疫情通化市累计报告确诊病例132例。1月21日0―24时，通化市新增无症状感染者5例，现有无症状感染者32例。
目前，疫情防控工作进入关键阶段，核酸检测、流调排查、隔离管控、医疗救治、物资保障等工",1
119175,据北京西城官方微博22日消息，本轮疫情发生以来，外区确诊病例活动轨迹涉及西城区，北京市西城区已先后组织四轮相关行业人员及确诊病例活动轨迹所涉相关人员核酸检测45万余人次，结果均为阴性。考虑到近期外部输入风险增大，为确保全区广大居民、驻区单位工作人员生命安全和身体健康，北京市西城区新冠肺炎疫情防控工作领导小组决定，于1月22日至1月23日组织区域内全员核酸检测。请广大居民根据所在社区通知，驻区单位工,1
119196,据北京市东城区疫情防控工作领导小组22日消息，本轮疫情发生以来，在广大居民群众和驻区单位的共同努力下，目前北京东城区疫情防控工作平稳有序。考虑到近期外部输入风险增大，为确保全区广大居民、驻区单位工作人员生命安全和身体健康，于1月22日至1月23日分批次在东城区域内组织核酸检测。请广大居民根据所在社区通知，驻区单位工作人员在单位统一组织下，根据所在街道通知，及时有序参加检测。参加检测时，请携带本人身,1
119175,据北京西城官方微博22日消息，本轮疫情发生以来，外区确诊病例活动轨迹涉及西城区，北京市西城区已先后组织四轮相关行业人员及确诊病例活动轨迹所涉相关人员核酸检测45万余人次，结果均为阴性。考虑到近期外部输入风险增大，为确保全区广大居民、驻区单位工作人员生命安全和身体健康，北京市西城区新冠肺炎疫情防控工作领导小组决定，于1月22日至1月23日组织区域内全员核酸检测。请广大居民根据所在社区通知，驻区单位工,1
119154,"2021年1月21日0-24时，石家庄市新增新冠肺炎确诊病例15例。目前，对所有追踪到的密切接触者已全部采取集中隔离医学观察措施，各项防控措施有序进行。现将其行动轨迹公布如下：确诊病例1：女，53岁，藁城区西关镇慈上村人,为1月18日第24号确诊病例的岳母。2021年1月5日居村无外出，当日核酸检测呈阴性；1月6日乘私家车陪家人到藁城中西医结合医院妇产科做手术，当日核酸检测呈阴性；1月7日至12日",1
119142,2021年1月22日，总台央视记者从黑龙江省卫健委获悉，2021年1月21日0-17时，黑龙江省新增新冠肺炎确诊病例47例（绥化市望奎县35例，其中望奎县无症状感染者转为确诊病例7例，绥化海伦市无症状感染者转为确诊病例1例，大庆市肇州县无症状感染者转为确诊病例1例，哈尔滨市利民开发区7例，哈尔滨市呼兰区3例）。新增无症状感染者88例（绥化市望奎县42例，绥化海伦市8例，绥化安达市5例，哈尔滨市利民,1
119148,1月21日0时至24时，新增3例本地确诊病例和1例无症状感染者，无新增疑似病例；新增2例境外输入无症状感染者，无新增确诊病例和疑似病例。病例1，某男，66岁，现住大兴区天宫院街道融汇社区。1月19日作为确诊病例的密切接触者进行集中隔离医学观察，1月20日出现发热等症状，由120负压救护车转至大兴区人民医院，核酸检测结果为阳性，综合流行病史、临床表现、实验室检测和影像学检查等结果，1月21日诊断为确,1
119011,前端显示,1
119011,"
                           
                                 在今天下午举行的市疫情防控工作新闻发布会上，市卫健委通报：?1月21日，本市报告3例本土新冠肺炎确诊病例。?病例1，李某某，男，56岁。1月20日下午15点左右，复旦大学附属肿瘤医院在对医院外包后勤保障人员开展新冠病毒核酸例行检测中，发现有一份10人混检的样本检测结果可疑。1月21日凌晨，病例1的样本经市疾控中心复核，核酸检测结果为阳性。?病例2，周某某，男，53岁，与病例1系住同一小区的邻居。上海交通大学医学院附属仁济医院1月20日下午在对医院相关人员开展新冠病毒核酸例行检测中，发现有一份10人混检的样本检测结果可疑，1月21日凌晨，病例2的样本经市疾控中心复核，核酸检测结果为阳性。?病例3，田某某，女，48岁，系病例1的朋友。1月21日凌晨，市疾控中心在对病例1的密接者排查中发现病例3新冠病毒核酸检测阳性。??经市级专家会诊，结合临床、影像学表现和实验室核酸检测结果，3人均诊断为新冠肺炎确诊病例，即转运至上海市公共卫生临床中心隔离治疗。?市、区相关部门立即行动，已组成联合流调专家队伍，全面开展流行病学调查，正在追踪排查相关人员，对相关人员和环境采取相应的防疫措施。?经连夜排查，截至目前，已追踪到上述3名病例在沪密切接触者71人，37人首次核酸检测结果为阴性，其余正在检测中。目前已落实集中隔离医学观察措施，待24小时后再进行采样复核。?已排查到密接的密接78人，25人核酸检测结果阴性，已落实集中隔离医学观察措施。?已筛查相关人员14411人，10971人检测结果为阴性，其余正在检测中。目前已落实相应管控措施。?已对相关场所的物品、环境进行采样，共采集661件样本，4件核酸检测结果阳性（均与李某某有关），140件结果阴性，其余正在检测中。?下一步，将继续做好相关人员流行病学调查、溯源和核酸检测工作，做到应查尽查、应检尽检，严格落实属地防控责任，做好闭环管理和各项防疫工作。?根据国务院联防联控机制有关要求，经市疫情防控指挥部研究决定，将黄浦区昭通路居民区（福州路以南区域）列为中风险地区，上海市其他区域风险等级不变。?中风险地区相关人员原则上不离沪，确需离沪的须持7日内核酸检测阴性证明。?请市民做好自身健康监测，如出现发热、咳嗽等症状，请佩戴医用口罩及时前往发热门诊就诊。?本市继续坚持“外防输入、内防反弹”总体防控策略，紧盯“入城口、落脚点、流动中、就业岗、学校门、监测哨”等关键点，抓好新冠肺炎常态化、科学化、精准化防控。同时落实“强化监测预警、免疫重点人群、推进多病共防、规范疫情处置、落实医疗救治、广泛宣传动员”要求，加强落实冬春季重点传染病防控工作。?重点落实：?1、加强发热门诊建设，提升医疗救治能力。强化发热门诊的筛查能力。完成发热门诊标准化建设，在具备CT配置条件的发热门诊全面配置专属CT，确保检验、影像检查等“六不出门”，同时，备足隔离观察床位。在社区卫生服务中心建设发热哨点诊室，与医院发热门诊一起构成严密发热监测网络。?2、加强核酸检测能力建设。按照“应检尽检、愿检尽检”的原则开展检测工作。上海目前已有125个核酸检测机构，最大日检测能力达到72.8万份。?3、加强健康宣教。落实个人防护措施，戴口罩、勤洗手、保持社交距离，减少人员聚集，提倡家庭个人聚会聚餐等控制在10人以下。??
                        ",1
119008,1月21日下午，上海举行新冠肺炎疫情防控新闻发布会，邀请市卫生健康委、黄浦区相关负责人及有关专家介绍有关情况。会上通报：上海已排查到3例确诊病例的密接者71人，其中31人首次核酸检测结果阴性，其余正在检测中。目前已落实集中隔离医学观察措施。,1
119008,1月21日下午，上海举行新冠肺炎疫情防控新闻发布会，邀请市卫生健康委、黄浦区相关负责人及有关专家介绍有关情况。会上通报：上海已排查到3例确诊病例的密接者71人，其中31人首次核酸检测结果阴性，其余正在检测中。目前已落实集中隔离医学观察措施。,1
119008,1月21日下午，上海举行新冠肺炎疫情防控新闻发布会，邀请市卫生健康委、黄浦区相关负责人及有关专家介绍有关情况。会上通报：上海已排查到3例确诊病例的密接者71人，其中31人首次核酸检测结果阴性，其余正在检测中。目前已落实集中隔离医学观察措施。,1
119008,1月21日下午，上海举行新冠肺炎疫情防控新闻发布会，邀请市卫生健康委、黄浦区相关负责人及有关专家介绍有关情况。会上通报：上海已排查到3例确诊病例的密接者71人，其中31人首次核酸检测结果阴性，其余正在检测中。目前已落实集中隔离医学观察措施。,1
118979,2021年1月20日中午，山东省疾控中心收到北京市疾控中心发来的《关于两名现住址为大兴区的新冠肺炎确诊病例的溯源协查函》，北京市1月19日确诊的两例新冠肺炎病例曾于1月1日―2日到过济南市莱芜区。接到此函后，济南市、区两级相关部门立即开展流行病学调查和追踪溯源。截至目前，济南市已对病例曾经到过的莱芜区城南往事、银座佳驿酒店（戴花园店）、茂业天地三处场所采集环境样本进行核酸检测，检测结果均为阴性，同,1
118932,当地时间20日，世卫组织助理总干事玛丽安热拉・西芒表示，世卫组织已收到13种新冠疫苗的评估材料，其中辉瑞/BioNTech的新冠疫苗已被列入紧急使用清单，还有三种新冠疫苗正处于最终评估阶段，可能被列入紧急使用清单。根据总台记者拿到的世卫组织疫苗评估文件，世卫组织已于去年12月底和今年1月13日接受了中国国药集团和科兴公司提供的两种新冠疫苗的评估材料。世卫组织内部文件上的时间表显示，最快预计于3月公,1
118936,1月20日0―24时，31个省（自治区、直辖市）和新疆生产建设兵团报告新增确诊病例144例，其中境外输入病例18例（上海9例，天津5例，北京1例，湖北1例，广东1例，广西1例），本土病例126例（黑龙江68例，吉林33例，河北20例，北京2例，山西2例，山东1例）；无新增死亡病例；新增疑似病例5例，均为境外输入病例（均在上海）。当日新增治愈出院病例19例，解除医学观察的密切接触者1246人，重症病,1
118931,2021年1月20日0―24时，石家庄市新增新冠肺炎确诊病例20例。目前，对所有追踪到的密切接触者已全部采取集中隔离医学观察措施，各项防控措施有序进行。现将其行动轨迹公布如下：确诊病例1：男，59岁，现住新乐市北美花园小区，为1月16日第49号确诊病例的丈夫。2021年1月5日上午居家无外出，下午转运至新乐市指定隔离点进行集中隔离医学观察；1月7日、9日、13日、15日、16日5次核酸均为阴性；1,1
118931,2021年1月20日0―24时，石家庄市新增新冠肺炎确诊病例20例。目前，对所有追踪到的密切接触者已全部采取集中隔离医学观察措施，各项防控措施有序进行。现将其行动轨迹公布如下：确诊病例1：男，59岁，现住新乐市北美花园小区，为1月16日第49号确诊病例的丈夫。2021年1月5日上午居家无外出，下午转运至新乐市指定隔离点进行集中隔离医学观察；1月7日、9日、13日、15日、16日5次核酸均为阴性；1,1
118934,哥伦比亚卫生部当地时间20日宣布，该国新增17908例新冠肺炎确诊病例和390例死亡病例。截至目前，全国累计确诊病例达1956979例，其中首都波哥大累计确诊571951例，累计死亡49792例。为遏制疫情扩散，哥首都波哥大19日至28日继续实行全城宵禁，同时从22日起至25日实行本月第三轮全市范围居家隔离。波哥大市政府表示，目前正在经历的第二拨疫情主要是由此前新年假期期间家庭聚会引发，近期600,1
118811,今天（20日）下午北京市召开第215场新冠肺炎疫情防控新闻发布会，通报北京最新疫情。1月19日0时至24时，北京市新增7例本地新冠肺炎确诊病例。1月17日至1月19日大兴区局部聚集性疫情涉及病例11例，先后在家庭、同事、邻居和朋友间传播，3个家庭出现聚集性疫情，涉及7个家庭，病例之间存在共同居住、相互串门等情况。病例1，某男，43岁，现住大兴区天宫院街道融汇社区，某京外赛事活动裁判。2020年12,1
118774,今天下午，国务院联防联控机制召开新闻发布会，介绍春节前后疫情防控有关情况。会上，国家卫生健康委疾控局监察专员王斌介绍，我们要求全国各地要实行乡采样、县检测，要求检测机构要在收到样本以后的12个小时内反馈检测结果，时间和时间赛跑。在我们的相关要求里面，如果说一定要返乡，这些返乡人员要拿着7日以内的核酸阴性的检测证明才能够返乡。同时这些返乡人员回去以后，当地的基层政府要对这些人进行一些网格化的管理。同,1
118754,行政处罚是行政机关有效实施行政管理，保障法律、法规贯彻施行的重要手段，行政处罚法（修订草案）今天（1月20日）提请十三届全国人大常委会第二十五次会议三次审议。草案进一步完善行政处罚程序，健全行政处罚执行制度，加强对行政处罚的社会监督。修订草案二次审议稿规定，限制人身自由的行政处罚权只能由公安机关行使。有的部门、地方提出，根据反间谍法和国家情报法的规定，国家安全机关也可以行使限制人身自由的行政处罚权,1
118693,1月19日0-24时，全省无新增境外输入确诊病例。截至1月19日24时，全省累计报告境外输入确诊病例19例，累计治愈出院19例。1月19日0-24时，全省新增本地确诊病例46例（长春市10例，通化市36例），其中34例系由此前通报的无症状感染者转为确诊病例。截至目前，本次输入性疫情全省累计报告确诊病例129例（长春市35例，通化市94例），其中危重型3例，重型11例，普通型85例，轻型30例。截至,1
118689,2021年1月19日0―24时，邢台市新增新冠肺炎确诊病例6例。目前，对所有追踪到的密切接触者已全部采取集中隔离医学观察措施，各项防控措施有序进行。现将其行动轨迹公布如下：确诊病例1：男，58岁，南宫市西丁乡西乞家庄村居民。2021年1月3日23：00被转运到集中隔离点隔离，期间3日、5日、11日、13日、14日5次核酸结果均为阴性。1月17日采集核酸样本，1月18日核酸结果呈阳性，当日由120负,1
118671,2021年1月20日，总台央视记者从黑龙江省卫健委获悉，2021年1月19日0-24时，黑龙江省新增新冠肺炎确诊病例16例（绥化市望奎县，其中望奎县无症状感染者转为确诊病例1例）。 治愈出院确诊病例1例（黑河市爱辉区）。新增无症状感染者31例（绥化市望奎县20例，绥化安达市2例，哈尔滨市利民开发区2例，哈尔滨市呼兰区2例，齐齐哈尔市昂昂溪区5例）。解除医学观察无症状感染者1例（黑河市爱辉区）。上述,1
118683,1月19日0―24时，31个省（自治区、直辖市）和新疆生产建设兵团报告新增确诊病例103例，其中境外输入病例15例（上海4例，广东3例，浙江2例，四川2例，陕西2例，天津1例，福建1例），本土病例88例（吉林46例，河北19例，黑龙江16例，北京7例）；无新增死亡病例；无新增疑似病例。当日新增治愈出院病例17例，解除医学观察的密切接触者2102人，重症病例较前一日增加1例。境外输入现有确诊病例27,1
118670,1月19日晚，北京新冠肺炎疫情防控工作领导小组第一一次会议暨首都严格进京管理联防联控协调机制第五十二次会议召开，研究调度疫情处置工作。会议强调，各区都要行动起来，做好高风险人员排查管控，对有重点区域旅居史人员优先核酸筛查，有情况第一时间报告。抓严抓实社会面防控，进一步督促落实“四方责任”，措施要到位。全市范围加强限流、科学戴口罩、清洁消毒、保持1米线等措施，尽量减少聚餐聚会，提升公众疫情防控意识,1
118671,2021年1月20日，总台央视记者从黑龙江省卫健委获悉，2021年1月19日0-24时，黑龙江省新增新冠肺炎确诊病例16例（绥化市望奎县，其中望奎县无症状感染者转为确诊病例1例）。 治愈出院确诊病例1例（黑河市爱辉区）。新增无症状感染者31例（绥化市望奎县20例，绥化安达市2例，哈尔滨市利民开发区2例，哈尔滨市呼兰区2例，齐齐哈尔市昂昂溪区5例）。解除医学观察无症状感染者1例（黑河市爱辉区）。上述,1
118675,黑龙江省绥化市望奎县发布通告，鉴于望奎县新冠肺炎疫情严峻形势，为更加精准实施疫情防控分区分级管理，按照国家、省关于新冠肺炎疫情分区分级分类、精准管控有关要求，自2021年1月20日7时起，望奎县全域调整为高风险地区。（总台央视记者 杨洋 于文波）,1
118560,今天（19日）下午，大连召开疫情防控工作新闻发布会，大连市甘井子区副区长曲肃介绍，甘井子区专题部署公共场所疫情防控工作，各行业监管部门督促指导企业全面落实戴口罩、限流量、防聚集、检验码、测体温、“一米线”、勤消毒、有记录等疫情防控措施；强化环境消毒，重点部位每日不少于6次消毒；保持通风良好，不得使用门帘等增加疫情交叉感染风险的设施设备，提倡使用感应式门无接触通行方式。全区80所养老机构、37所居家,1
118609,"截至2021年1月19日17时
全国共有
4个
高风险地区
60个
中风险地区
监制丨徐冰??
主编丨蒋安琪
编辑丨徐i晨 隋博宇
制图丨郜梦茹",1
118567,"今天（19日）下午，北京市召开疫情防控第214场例行新闻发布会，对最新病例及疫情防控相关信息进行通报。
1月18日0时至24时北京市新增1例本地新冠肺炎确诊病例和1例无症状感染者。确诊病例，某女，63岁，现住大兴区天宫院街道融汇社区，为此前确诊病例的密切接触者。无症状感染者，某男，9岁，系上述确诊病例外孙，行程轨迹显示其曾在学校和培训机构上课。&gt;&gt;病例轨迹详情新增确诊病例所在的天宫院街",1
118532,"今天（19日）西安市教育局发布通知，按照陕西省、市疫情防控指挥部安排部署及有关要求，为全面加强校外培训机构疫情防控和管理工作，现将有关事项通知如下：
一、时间安排
1.西安市校外培训机构从2021年1月25日起，停止任何形式的线下教育教学及培训活动。2.西安市中高考补习机构放假时间为2月4日前。3.西安市校外培训机构（含中高考补习机构）恢复线下教育教学活动的时间与全市中小学、幼儿园春季开学时间同步",1
118567,"今天（19日）下午，北京市召开疫情防控第214场例行新闻发布会，对最新病例及疫情防控相关信息进行通报。
1月18日0时至24时北京市新增1例本地新冠肺炎确诊病例和1例无症状感染者。确诊病例，某女，63岁，现住大兴区天宫院街道融汇社区，为此前确诊病例的密切接触者。无症状感染者，某男，9岁，系上述确诊病例外孙，行程轨迹显示其曾在学校和培训机构上课。&gt;&gt;病例轨迹详情新增确诊病例所在的天宫院街",1
118542,"1月18日，北京市新增1例新冠肺炎确诊病例和1例无症状感染者，都在大兴区，均为确诊病例的密切接触者，正在地坛医院隔离治疗。今天（19日）下午北京市召开第214场新冠肺炎疫情防控新闻发布会上，北京市大兴区人民政府副区长韩新星介绍了确诊病例行动轨迹。
确诊病例，某女主要行程轨迹如下：
1月3日，居家未外出。1月4日至8日，每日下午步行接外孙放学。期间曾前往小区南门超市购物。1月5日，下午14时前往小区",1
118514,今天（19日）下午，河北省召开第七场疫情防控新闻发布会，对疫情防控相关情况进行通报。石家庄市实施居家防疫到1月19日24时，从1月20日开始，组织对全市开展新一轮核酸检测，三天内完成，核酸检测期间继续居家防疫。,1
118515,今天（19日）下午，河北省召开第七场疫情防控新闻发布会，对疫情防控相关情况进行通报。目前河北省共有高风险地区3个，分别是石家庄市藁城区全域、石家庄市新乐市全域、邢台市南宫市全域。有中风险地区36个，其中石家庄市34个，涉及11个县区；其中裕华区8个、高新区5个、长安区4个、正定县4个、新华区3个、桥西区3个、鹿泉区2个、无极县2个、栾城区1个、平山县1个、行唐县1个。廊坊市1个，是固安县的英国宫5,1
118500,"据北京市大兴区委宣传部消息，根据疫情防控需要，从1月19日中午12时开始，对大兴区天宫院街道天宫院社区、天宫院西里社区、天宫院中里社区、天宫院南里社区进行封闭式管理，非小区人员、车辆禁止进入，小区居民“只进不出”，全部居家观察。大兴区将同步做好居家人员日常生活保障。解封时间将根据疫情形势研判后另行通知。（总台央视记者 许梦哲）
（编辑 吴梦萱）",1
118483,1月19日，齐齐哈尔富拉尔基区新型冠状病毒肺炎疫情防控指挥部发布紧急通知，通知内容如下：由于全民核酸检测结果未出，疫情防控形势复杂严峻，为减少人员流动，降低传播扩散风险，现就有关事项紧急通知如下：1、公安、交通、交警、市场等执法部门工作人员持工作证或单位证明可有序出入。除消防、急救车辆外，其他车辆一律不得进出小区。水、电、气、热等居民保供单位急需执行维修任务的，持单位证明可有序出入。2、全区居民一,1
118481,19日上午，吉林省通化市人民政府新闻办召开新闻发布会，就疫情防控最新情况作出通报：吉林省通化市将于明天启动第二轮全员核酸检测。,1
118456,2021年1月18日0―24时，石家庄市新增新冠肺炎确诊病例35例。目前，对所有追踪到的密切接触者已全部采取集中隔离医学观察措施，各项防控措施有序进行。现将其行动轨迹公布如下：确诊病例1：女，35岁，藁城区增村镇牛家庄村人，现住新乐市烨京小区。2021年1月1日上午居家无外出，下午14时骑电动车到新乐市信誉楼3楼及负一层地下超市购物，16时自驾车到藁城区增村镇牛家庄村探亲；1月2日至13日居村无外,1
118456,2021年1月18日0―24时，石家庄市新增新冠肺炎确诊病例35例。目前，对所有追踪到的密切接触者已全部采取集中隔离医学观察措施，各项防控措施有序进行。现将其行动轨迹公布如下：确诊病例1：女，35岁，藁城区增村镇牛家庄村人，现住新乐市烨京小区。2021年1月1日上午居家无外出，下午14时骑电动车到新乐市信誉楼3楼及负一层地下超市购物，16时自驾车到藁城区增村镇牛家庄村探亲；1月2日至13日居村无外,1
118443,1月18日0―24时，吉林省无新增境外输入确诊病例。截至1月18日24时，吉林省累计报告境外输入确诊病例19例，累计治愈出院19例。1月18日0―24时，吉林省新增本地确诊病例43例（长春市9例，通化市34例），其中36例系由此前通报的无症状感染者转为确诊病例。截至目前，本次输入性疫情全省累计报告确诊病例83例（长春市25例，通化市58例），其中危重型3例，重型11例，普通型61例，轻型8例。截至,1
118445,"
			    1月18日0时至24时，新增1例本地确诊病例和1例无症状感染者，无新增疑似病例；无新增境外输入确诊病例、疑似病例和无症状感染者；治愈出院1例。某女，63岁，现住大兴区天宫院街道融汇社区，1月17日作为确诊病例的密切接触者进行集中隔离医学观察，1月18日核酸检测结果为阳性，由120负压救护车转至地坛医院。综合流行病史、临床表现、实验室检测和影像学检查等结果，当日诊断为确诊病例，临床分型为普通型。已开展流行病学调查，按要求落实管控措施。? ?全市16区无报告病例天数情况
	
		
			
				地区
			
			
				无报告病例天数
		",1
118443,1月18日0―24时，吉林省无新增境外输入确诊病例。截至1月18日24时，吉林省累计报告境外输入确诊病例19例，累计治愈出院19例。1月18日0―24时，吉林省新增本地确诊病例43例（长春市9例，通化市34例），其中36例系由此前通报的无症状感染者转为确诊病例。截至目前，本次输入性疫情全省累计报告确诊病例83例（长春市25例，通化市58例），其中危重型3例，重型11例，普通型61例，轻型8例。截至,1
118455,1月19日，河北省卫健委通报，2021年1月18日0―24时，河北省新增35例本地新型冠状病毒肺炎确诊病例（13例为无症状感染者转为确诊病例），均为石家庄市报告。无新增死亡病例，无新增疑似病例，新增治愈出院4例。1月18日0―24时，河北省新增2例本地无症状感染者，均为石家庄市报告。3例无症状感染者解除隔离医学观察。截至1月18日24时，河北省现有本地确诊病例800例（危重型8例、重型20例、普通,1
118364,根据国务院应对新冠肺炎联防联控机制关于科学划分、精准防控等工作要求，自2021年1月18日起，将石家庄新乐市全域、邢台南宫市全域调整为高风险地区。目前，石家庄藁城区全域仍为高风险地区，长安区博雅盛世小区E区、国赫红珊湾小区、简筑家园小区、保利花园B区，裕华区晶彩苑小区、众美廊桥四季A区、东方明珠小区、天海誉天下小区、卓东小区、新华苑小区、十二化建小区16、17号楼、河北城建学校家属院，正定县孔村、,1
118298,【石家庄市新增新冠肺炎确诊病例14例】,1
118298,【石家庄市新增新冠肺炎确诊病例14例】,1
118279,据“通化发布”微信公众号消息，吉林通化14个区域调整为中风险地区。全文如下：根据吉林省新型冠状病毒肺炎疫情防控工作领导小组办公室《关于科学精准划定新冠肺炎疫情登记区域的通知》（吉卫明点【2021】29号要求），落实分区分级精准防控策略，自2021年1月18日12时起，将东昌区波尔多小镇、丽景人家小区三期A区、公汽家属楼区域、和平新居小区、福民家园小区、中盛山水城小区、胜利小区、玉皇社区玉皇委、阳光,1
118256,"1月17日，江苏省新冠肺炎疫情防控工作领导小组预防控制组、江苏省新冠肺炎疫情防控工作领导小组社会及社区防控组联合发布《关于进一步明确春节期间来苏返苏人员健康管理措施的通知》，对入境等五类人群春节期间来苏返苏进一步明确健康管理措施。
1.入境人员
对入境人员实施“14+14”健康管理措施，即：14天集中隔离医学观察期满符合解除隔离条件的，继续严格实施14天居家隔离医学观察。居家隔离医学观察的第3天(",1
118254,今天（18日）上午10时，黑龙江省举行疫情防控第五十九场新闻发布会，介绍疫情防控工作的最新情况。1月17日0―24时，黑龙江省新增新冠肺炎确诊病例7例（安达市4例、北林区2例、海伦市1例，含1例无症状感染者订正确诊病例）。新增无症状感染者81例（松北区2例、青冈县2例、昂昂溪区3例、望奎县74例）。无新增疑似病例和死亡病例。从2021年1月10日望奎出现病例开始，截至1月17日24时，本轮疫情累计,1
118214,吉林省公主岭市新型冠状病毒肺炎疫情联防联控工作指挥部18日发布通告称，即日起对城区居民开展免费新冠病毒核酸采样检测。要求除外出进行核酸检测外，全市所有社区、小区、家属院及农村居民一律不许流动，所有居民居家隔离，严禁出户，生活必需品由村屯、社区、小区值守人员代买。据了解，本次公主岭市将对六个城区街道、四个涉农街道的常住人口和流动人口开展免费新冠病毒核酸采样检测。对行动不便的老人、残障人士、婴幼儿以及,1
118207,"
			    ??????? 1月17日0时至24时，新增2例本地确诊病例，无新增疑似病例和无症状感染者；新增1例境外输入确诊病例，无新增疑似病例和无症状感染者；治愈出院1例。??????? 病例1，某女，63岁，现住大兴区天宫院街道。1月16日因出京需要进行核酸检测，1月17日核酸检测结果为阳性，由120负压救护车转至地坛医院。综合流行病史、临床表现、实验室检测和影像学检查等结果，当日诊断为确诊病例，临床分型为普通型。??????? 病例2，某男，46岁，现住大兴区天宫院街道。1月17日作为病例1的密切接触者，进行核酸检测，结果为阳性，由120负压救护车转至地坛医院。综合流行病史、临床表现、实验室检测和影像学检查等结果，当日诊断为确诊病例，临床分型为普通型。??????? 病例3，某男，34岁，中国籍，在塞尔维亚工作。1月11日从塞尔维亚出发，经丹麦乘坐国航CA878航班于1月12日到达北京首都机场，海关经健康筛查并进行核酸检测，结果为阴性，经闭环管理送至集中隔离酒店。1月17日核酸检测结果为阳性，由120负压救护车转至地坛医院，综合流行病学史、临床表现、实验室检测和影像学检查等结果，当日诊断为确诊病例，临床分型为普通型。??????? 已对上述确诊病例开展流行病学调查，按要求落实管控措施。全市16区无报告病例天数情况
	
		
			",1
118205,2021年1月17日0―24时，邢台市新增新冠肺炎确诊病例2例。目前，对所有追踪到的密切接触者已全部采取集中隔离医学观察措施，各项防控措施有序进行。现将其行动轨迹公布如下：确诊病例1：女，66岁，隆尧县烟草家园居民。2020年12月31日-2021年1月1日居家未外出。1月2日-3日每日到魏家庄公子前村某村民家帮忙准备婚礼事宜。1月4日7:00到魏家庄五中送孩子上学。1月5日4:00到柏人商城南北,1
118194,2021年1月18日，总台央视记者从黑龙江省卫健委获悉，2021年1月17日0―24时，黑龙江省新增新冠肺炎确诊病例7例（绥化安达市4例，绥化市北林区2例，绥化海伦市无症状感染者转为确诊病例1例）。治愈出院确诊病例1例（黑河市爱辉区）。新增无症状感染者81例（绥化市望奎县74例，绥化市青冈县2例，哈尔滨市松北区2例，齐齐哈尔市昂昂溪区3例）。上述确诊病例和无症状感染者，均是在对望奎县惠七镇惠七村确,1
118197,1月17日0时至24时，新增2例本地确诊病例，无新增疑似病例和无症状感染者；新增1例境外输入确诊病例，无新增疑似病例和无症状感染者；治愈出院1例。病例1，某女，63岁，现住大兴区天宫院街道。1月16日因出京需要进行核酸检测，1月17日核酸检测结果为阳性，由120负压救护车转至地坛医院。综合流行病史、临床表现、实验室检测和影像学检查等结果，当日诊断为确诊病例，临床分型为普通型。病例2，某男，46岁，,1
118083,今天（17日）下午北京市召开第212场新冠肺炎疫情防控新闻发布会，北京市疾病预防控制中心副主任庞星火通报了疫情最新情况。1月16日0时至24时，北京市新增2例本地新冠肺炎确诊病例，均为之前确诊病例地密切接触者。病例1，某男34岁，现住顺义区旺泉街道为金马工业园某公司员工，2020年12月27日作为确诊病例密切接触者进行集中隔离医学观察，期间多次进行核酸检测结果均为阴性，2021年1月15日出现咳嗽,1
118162,"人类历史的长河总是曲折向前，今天的人类走到了又一个“十字路口”。2017年1月18日，中国国家主席习近平在联合国日内瓦总部发表主旨演讲，站在时代大势和历史哲学的高度，系统阐述构建人类命运共同体重要理念，洞悉发展大势，顺应时代大潮，倡导建设持久和平、普遍安全、共同繁荣、开放包容、清洁美丽的世界。习主席以中国理念和中国方案回答“人类社会何去何从”的世界之问，为人类社会繁荣发展注入了强大的思想动力。
4",1
118136,总台央视记者今天（17日）从天津市防控指挥部获悉，天津针对“1月15日哈尔滨新增1例无症状感染者，曾于1月7日乘坐火车来天津，1月9日离津返哈”的情况，迅速组织开展流行病学调查、密切接触者排查管控、涉疫场所消杀等疫情处置工作。截至目前，其在津轨迹已查清，相关人员111人已被隔离并做核酸检测。该无症状感染者，黑龙江省望奎县人，常住地在哈尔滨市道外区，在津无暂住地，1月15日被诊断为新冠病毒无症状感染,1
118113,河北 | 石家庄新增新冠肺炎确诊病例 27 例，无症状感染者 3 例,1
118083,今天（17日）下午北京市召开第212场新冠肺炎疫情防控新闻发布会，北京市疾病预防控制中心副主任庞星火通报了疫情最新情况。1月16日0时至24时，北京市新增2例本地新冠肺炎确诊病例，均为之前确诊病例地密切接触者。病例1，某男34岁，现住顺义区旺泉街道为金马工业园某公司员工，2020年12月27日作为确诊病例密切接触者进行集中隔离医学观察，期间多次进行核酸检测结果均为阴性，2021年1月15日出现咳嗽,1
118070,"今天，吉林省公主岭市、通化市、长春市先后通报17地升级为中风险地区。分别为公主岭市8个小区、通化市6栋居民楼、长春市3个小区&gt;&gt;
公主岭市8个小区调整为中风险地区
通化市6栋居民楼调整为中风险地区
长春市3个小区调整为中风险地区
另外，从即日起，辽宁大连两个中风险地区调整为低风险地区&gt;&gt;
大连两个中风险地区调整为低风险地区
截至1月17日15时，全国共有2个高风险地区，77",1
118090,1月17日下午北京市召开第212场新冠肺炎疫情防控新闻发布会上，北京市顺义区委常委、常务副区长支现伟介绍说，截至今日14时，顺义区已有1184名密接人员解除集中隔离医学观察。由于此次通报病例出现集中隔离观察期结束前核酸检测阳性现象，针对此次病毒潜伏期超长特点，已对结束“14+7”集中隔离医学观察的密切接触者，继续实施7天居家医学观察措施，观察结束当天核酸检测结果阴性方可解除隔离。（总台央视记者 罗,1
118060,近日，记者从陕西省卫健委了解到，陕西将进一步加强农村地区疫情防控，建立完善“村报告、镇采样、县检测、以县为主”的工作机制，村卫生室和个体诊所不得接诊发热患者。陕西将在农村地区实行网格化管理，设置发热诊室的乡镇卫生院要对发热患者进行核酸采样，由县级医疗机构或第三方机构进行检测。未设置发热诊室的乡镇卫生院，实行镇村报告、县级小分队采样送检核酸。同时严格落实预检分诊制度，设置独立或临时留观室，对发现的发,1
118061,总台央视记者从天津市疫情防控指挥部获悉，1月14日，天津3份雪糕样品被检出阳性后，截至目前，天津各相关区共采集涉疫食品、外包装、原材料及生产企业及销售铺面等环境样本2873份。其中，除津南区报告3份雪糕样本阳性、3份乌克兰进口生产原料乳清粉样本阳性，河北区报告1份同批次雪糕样本阳性、西青区报告2份同批次雪糕样本阳性外，其他样本结果均为阴性。共排查相关人员2187人，其中在津2122人，均实施居家或,1
118065,今天（1月17日）下午14:00时，吉林省召开疫情防控新闻发布会，对疫情防控相关情况进行通报。结合流行病学调查和病毒全基因组测序分析，吉林省本次疫情传播链条清晰，为黑龙江省望奎县无症状感染者输入吉林省后引发本地传播。目前报告的114例感染者中，有9例为黑龙江省输入，105例为本地续发感染，在续发感染者中有3例是吉林省外输入感染者的家庭成员，另外102例续发感染者为同一输入病例林某传播。该病例林某从,1
118045,2021年1月17日大连市统筹推进新冠肺炎疫情防控和经济社会发展工作总指挥部应急处置组发布，2020年12月26日，大连市高新区凌水街道大有恬园社区和大连金普新区光中街道红旗社区被调整为疫情中风险地区。至2021年1月17日0时，两个地区已连续21天无新增本土确诊病例，且社区居民核酸检测结果均为阴性。经大连市新冠疫情防控专家综合评估研判，并报请辽宁省统筹推进新冠肺炎疫情防控和经济社会发展工作总指挥,1
118041,今天（17日）上午11时，吉林省长春市召开第八场疫情防控新闻发布会，对疫情防控相关情况进行通报。,1
118007,"
　　1月16日0-24时，全省无新增境外输入确诊病例。截至1月16日24时，全省累计报告境外输入确诊病例19例，累计治愈出院19例。
　　1月16日0-24时，全省新增本地确诊病例10例（长春市3例，通化市7例），其中6例系由此前通报的无症状感染者转为确诊病例，新增确诊病例均是在隔离医学观察期间通过主动筛查发现。截至1月16日24时，全省累计报告本地确诊病例148例，累计治愈出院136例，在院隔离治疗10例，病亡2例。
　　1月16日0-24时，全省新增无症状感染者63例，其中62例与1月13日通报的黑龙江省输入无症状感染者3有关联，均在隔离医学观察期间通过主动筛查发现。截至1月16日24时，全省现有无症状感染者100例。",1
117990,??????? 1月16日0时至24时，新增2例本地确诊病例，无新增疑似病例和无症状感染者；无新增境外输入确诊病例、疑似病例和无症状感染者；治愈出院1例。??,1
117997,1月16日0―24时，31个省（自治区、直辖市）和新疆生产建设兵团报告新增确诊病例109例，其中境外输入病例13例（上海4例，福建2例，广东2例，四川2例，天津1例，山东1例，湖南1例），本土病例96例（河北72例，黑龙江12例，吉林10例，北京2例）；无新增死亡病例；新增疑似病例1例，为境外输入病例（在上海）。当日新增治愈出院病例17例，解除医学观察的密切接触者1295人，重症病例较前一日增加4,1
118007,"
　　1月16日0-24时，全省无新增境外输入确诊病例。截至1月16日24时，全省累计报告境外输入确诊病例19例，累计治愈出院19例。
　　1月16日0-24时，全省新增本地确诊病例10例（长春市3例，通化市7例），其中6例系由此前通报的无症状感染者转为确诊病例，新增确诊病例均是在隔离医学观察期间通过主动筛查发现。截至1月16日24时，全省累计报告本地确诊病例148例，累计治愈出院136例，在院隔离治疗10例，病亡2例。
　　1月16日0-24时，全省新增无症状感染者63例，其中62例与1月13日通报的黑龙江省输入无症状感染者3有关联，均在隔离医学观察期间通过主动筛查发现。截至1月16日24时，全省现有无症状感染者100例。",1
117990,??????? 1月16日0时至24时，新增2例本地确诊病例，无新增疑似病例和无症状感染者；无新增境外输入确诊病例、疑似病例和无症状感染者；治愈出院1例。??,1
117896,今天（1月16日）下午，长春市召开第七场新冠肺炎疫情防控工作新闻发布会，介绍疫情防控相关情况。,1
117800,"2021年1月15日0-24时，石家庄市新增新冠肺炎确诊病例83例。目前，对所有追踪到的密切接触者已全部采取集中隔离医学观察措施，各项防控措施有序进行。
现将其行动轨迹公布如下：
确诊病例1：女，31岁，藁城区增村镇增村人。2020年12月30日骑电动车到增村镇南桥寨村好运来饭店参加婚宴，下午骑电动车到刘家佐村卫生室就医；12月31日居家无外出；2021年1月1日至10日居村无外出，期间1月3日、",1
117930,"2021年1月16日晚，大连市统筹推进新冠肺炎疫情防控和经济社会发展工作总指挥部发布，经大连市统筹推进新冠肺炎疫情防控和经济社会发展工作总指挥部批准，大连金普新区先进街道金润小区B区等11个社区自2021年1月17日0时起解除封闭管控。解除封闭管控社区名单如下：
大连金普新区
1.先进街道（2个）金润小区B区、民馨社区2.光中街道（2个）金东路社区、胜利东社区3.友谊街道（5个）金华社区、兴民社区",1
117874,今天（1月16日）下午，北京市召开疫情防控第211场例行新闻发布会，对疫情防控相关情况进行通报。,1
117856,"今天（1月16日）下午，河北省召开第六场疫情防控新闻发布会，对疫情防控相关情况进行通报。发布会上，相关负责人介绍，石家庄第二轮核酸检测检出阳性病例247例，检出阳性病例的县市区8个，均较第一轮有所下降。
（编辑 孙杉杉）",1
117855,今天（1月16日）下午，河北省召开第六场疫情防控新闻发布会，对疫情防控相关情况进行通报。发布会上，相关负责人介绍，石家庄、邢台南宫市继续封闭管理至1月19日，廊坊市固安县继续实施封闭管理至1月25日。邢台市除南宫市外的其他地区，从今天起，有序恢复正常生产生活。,1
117827,今天上午10时，通化市召开疫情防控第三场新闻发布会，对疫情防控工作有关情况进行介绍。,1
117800,"2021年1月15日0-24时，石家庄市新增新冠肺炎确诊病例83例。目前，对所有追踪到的密切接触者已全部采取集中隔离医学观察措施，各项防控措施有序进行。
现将其行动轨迹公布如下：
确诊病例1：女，31岁，藁城区增村镇增村人。2020年12月30日骑电动车到增村镇南桥寨村好运来饭店参加婚宴，下午骑电动车到刘家佐村卫生室就医；12月31日居家无外出；2021年1月1日至10日居村无外出，期间1月3日、",1
117805,"1月13日吉林省通报一名黑龙江省输入无症状感染者，其曾在吉林公主岭市艾尚瀚邦养生会馆、吉林省通化市源升品质生活坊分别进行培训授课，继而引发群体感染。据官方通报，目前，该病例已导致吉林省3市32人感染，分布在通化市（12例）、公主岭市（19例）、松原市（1例）。
一图看懂传播链条↓
目前，以上无症状感染者已转运至当地定点医疗机构隔离医学观察。政府正在对以上人员的密切接触者、次密切接触者和一般接触者开",1
117805,"1月13日吉林省通报一名黑龙江省输入无症状感染者，其曾在吉林公主岭市艾尚瀚邦养生会馆、吉林省通化市源升品质生活坊分别进行培训授课，继而引发群体感染。据官方通报，目前，该病例已导致吉林省3市32人感染，分布在通化市（12例）、公主岭市（19例）、松原市（1例）。
一图看懂传播链条↓
目前，以上无症状感染者已转运至当地定点医疗机构隔离医学观察。政府正在对以上人员的密切接触者、次密切接触者和一般接触者开",1
117791,1月15日0―24时，31个省（自治区、直辖市）和新疆生产建设兵团报告新增确诊病例130例，其中境外输入病例15例（上海7例，天津3例，四川2例，湖南1例，重庆1例，陕西1例），本土病例115例（河北90例，黑龙江23例，北京2例）；无新增死亡病例；无新增疑似病例。当日新增治愈出院病例18例，解除医学观察的密切接触者1053人，重症病例较前一日增加12例。境外输入现有确诊病例281例（其中重症病例,1
117791,1月15日0―24时，31个省（自治区、直辖市）和新疆生产建设兵团报告新增确诊病例130例，其中境外输入病例15例（上海7例，天津3例，四川2例，湖南1例，重庆1例，陕西1例），本土病例115例（河北90例，黑龙江23例，北京2例）；无新增死亡病例；无新增疑似病例。当日新增治愈出院病例18例，解除医学观察的密切接触者1053人，重症病例较前一日增加12例。境外输入现有确诊病例281例（其中重症病例,1
117794,"2021年春运将于1月28日开始今年春节异地返乡是否需要做核酸检测？中高风险地区返乡是否需要集中隔离？
31省区市返乡隔离措施
一图汇总
↓↓↓
监制丨徐冰
主编丨蒋安琪 乔雪
制图丨郜梦茹
编辑丨徐啸 王浩宇
校对丨高少卓",1
117689,"你知道吗？
进出东北又将新增一条快速通道
北京到沈阳仅需2.5小时
到哈尔滨只需5小时
这条快速通道就是即将全线贯通的京哈高铁
开通后，北京段全线新建的
北京朝阳站、顺义西站
怀柔南站、密云站也将开门迎客
高铁新站长啥样？
有哪些亮点设计和便民举措？
跟记者一起打卡！
北京朝阳站：京哈高铁始发终到站?京沈段规模最大站房
看点1：国内面积最大的钢筋混凝土结构雨棚上盖停车场
北京朝阳站南北两侧是全国首",1
117686,今天（1月15日）晚上，河北省石家庄市召开第十一场疫情防控新闻发布会，对疫情防控相关情况进行通报。发布会上，相关负责人介绍，截至1月14日20时，石家庄市第二轮核酸检测全部完成。全市共设采集点13758个，核酸检测10253103人，累计发现阳性病例247例，其中藁城区217例。这次检测结果主要有三个特点，一是新增阳性病例主要集中在藁城区，藁城区又以增村镇为主。二是新增阳性病例没有在社区蔓延。三是,1
117620,今天（1月15日）下午，北京市召开疫情防控第210场例行新闻发布会，就疫情防控最新情况进行发布。,1
117686,今天（1月15日）晚上，河北省石家庄市召开第十一场疫情防控新闻发布会，对疫情防控相关情况进行通报。发布会上，相关负责人介绍，截至1月14日20时，石家庄市第二轮核酸检测全部完成。全市共设采集点13758个，核酸检测10253103人，累计发现阳性病例247例，其中藁城区217例。这次检测结果主要有三个特点，一是新增阳性病例主要集中在藁城区，藁城区又以增村镇为主。二是新增阳性病例没有在社区蔓延。三是,1
117689,"你知道吗？
进出东北又将新增一条快速通道
北京到沈阳仅需2.5小时
到哈尔滨只需5小时
这条快速通道就是即将全线贯通的京哈高铁
开通后，北京段全线新建的
北京朝阳站、顺义西站
怀柔南站、密云站也将开门迎客
高铁新站长啥样？
有哪些亮点设计和便民举措？
跟记者一起打卡！
北京朝阳站：京哈高铁始发终到站?京沈段规模最大站房
看点1：国内面积最大的钢筋混凝土结构雨棚上盖停车场
北京朝阳站南北两侧是全国首",1
117686,今天（1月15日）晚上，河北省石家庄市召开第十一场疫情防控新闻发布会，对疫情防控相关情况进行通报。发布会上，相关负责人介绍，截至1月14日20时，石家庄市第二轮核酸检测全部完成。全市共设采集点13758个，核酸检测10253103人，累计发现阳性病例247例，其中藁城区217例。这次检测结果主要有三个特点，一是新增阳性病例主要集中在藁城区，藁城区又以增村镇为主。二是新增阳性病例没有在社区蔓延。三是,1
117620,今天（1月15日）下午，北京市召开疫情防控第210场例行新闻发布会，就疫情防控最新情况进行发布。,1
117617,2021年1月3日，沈阳市皇姑区舍利塔街道世纪学府和皇姑区明廉街道亿海阳光二期被调整为疫情中风险区。沈阳市委、市政府严格落实中风险区管控措施要求，第一时间启动应急预案并超前管控，对小区实行封闭管理、风险排查、全员核酸检测、内外环境消毒、人群健康监测等管控措施。按照国务院联防联控机制《关于调整新冠肺炎疫情分区分级标准实施精准管控措施的通知》（国电发z2020{11号）要求，经沈阳市新冠疫情防控专家组,1
117622,"根据当前疫情防控需要，绥化市北林区正在全面开展新冠病毒核酸全员采样检测工作，此项工作将于1月16日晚完成。为确保核酸检测全覆盖，现将城内11个核酸采样点地址予以公布。原定以村、屯、社区、城内居住小区为单位设置临时采样点的方式不变，请广大城乡居民按照就近就便原则到采样点采样，避免人员聚集，提高采样效率，做到应检尽检、不漏一户、不落一人。
请各单位提前组织填写好新型冠状病毒检测样本送检表及相关信息，要",1
117616,今天（1月15日），石家庄市藁城区在全区范围内开启新一轮居民核酸检测。此前，藁城区已经连续进行了三次全员核酸检测。在通安社区，为了避免人员聚集，社区工作人员正按单元通知居民进行核酸检测。为避免群众长时间等待，该小区设置了八个核酸采样点，在工作人员的引导下，居民按照选定的时间到达现场，排队检测。本次核酸检测进一步优化了现场组织、规范现场秩序，避免了群众长时间户外受冻，更确保了采样工作高效有序进行。石,1
117610,"15日，浙江疫情防控工作新闻发布会通报，对出现快速扩散社区传播态势的国内疫情高风险地区，经综合评估，可对其所在城市来浙返浙人员实行“7+7”健康管理措施，即先实施7天居家健康观察，第1天和第7天分别进行一次核酸检测。对居家健康观察期满核酸检测阴性者，继续实施7天日常健康监测，期满再进行一次核酸检测。对在浙本地无固定居所的，居家健康观察可在集中隔离场所进行。
（编辑 孙杉杉）",1
117592,"日前，云南昆明市市场监管局在开展春节市场监管专项行动中，对各辖区内农贸市场、批发市场、大型超市等开展突击检查，在排查的4640个点位中，发现一擦就掉色的“掉色葱”1479.735公斤，目前已全部下架封存。
经昆明海关技术中心对16个小葱样品检测结果分析，16个小葱样品中，有9批样品检测出来的铜含量值与《中国食物成分表》中葱（小葱，鲜）接近；其余7批样品铜含量高于自身营养成分，可能使用了波尔多液。而",1
117592,"日前，云南昆明市市场监管局在开展春节市场监管专项行动中，对各辖区内农贸市场、批发市场、大型超市等开展突击检查，在排查的4640个点位中，发现一擦就掉色的“掉色葱”1479.735公斤，目前已全部下架封存。
经昆明海关技术中心对16个小葱样品检测结果分析，16个小葱样品中，有9批样品检测出来的铜含量值与《中国食物成分表》中葱（小葱，鲜）接近；其余7批样品铜含量高于自身营养成分，可能使用了波尔多液。而",1
117561,记者从湖南省卫生健康委员会获悉，2021年1月14日0―24时，湖南省报告新增新型冠状病毒肺炎确诊病例0例。截至1月14日24时，湖南省累计报告新型冠状病毒肺炎确诊病例1022例，死亡病例4例，住院治疗1例（为境外输入），出院病例1017例。2021年1月14日0―24时，湖南省当日新增新型冠状病毒肺炎无症状感染者2例（均为境外输入），当日解除隔离6例（均为境外输入），尚在医学观察6例（均为境外输,1
117555,2021年1月14日0―24时，福建省报告新增境外输入确诊病例0例。当日报告新增境外输入疑似病例0例。当日报告新增境外输入无症状感染者3例，其中日本输入2例（福州市报告）、美国输入1例（厦门市报告）。截至2021年1月14日24时，福建省累计报告境外输入确诊病例233例，已治愈出院208例，目前住院25例，无死亡病例；现有报告境外输入疑似病例0例；现有报告境外输入无症状感染者尚在接受集中隔离医学观,1
117584,1月14日，多名哈尔滨市民在朋友圈、微信群中转发涉及哈尔滨交通管制“公告”。“公告”中称，中午12时起四个主城区实施交通管制。“公告”涉及交通管制卡点设置和通行条件，开复工企业员工通行条件，设置民航、铁路转运点，公交线路调整等信息。经与有关部门核实，该“公告”为去年哈尔滨市应对新型冠状病毒感染肺炎疫情工作指挥部发布的第17号公告（2020年2月19日) 。希望广大市民仔细甄别，关于疫情防控的相关信,1
117584,1月14日，多名哈尔滨市民在朋友圈、微信群中转发涉及哈尔滨交通管制“公告”。“公告”中称，中午12时起四个主城区实施交通管制。“公告”涉及交通管制卡点设置和通行条件，开复工企业员工通行条件，设置民航、铁路转运点，公交线路调整等信息。经与有关部门核实，该“公告”为去年哈尔滨市应对新型冠状病毒感染肺炎疫情工作指挥部发布的第17号公告（2020年2月19日) 。希望广大市民仔细甄别，关于疫情防控的相关信,1
117581,"建设现场延时画面
每一帧都震撼人心
↓↓
网友“陈伟”表示：我是武汉火神山、雷神山的建设工人，如有召！召必回！
“河北生病了，我要冲上去！”
网友“还会见面吗”表示：去年年初江西支援湖北医疗队曾支援过我的家乡，现在河北生病了，我要冲上去！
“有需要，随时准备着！”
还有网友说自己是司机、电焊工、医学生……有需要，随时准备！
“接到指令，马上参建！”
还有网友表示接到指令，马上参建！
据介绍，此次建",1
117551,"2021年辽宁省普通高校招生考试适应性测试将于1月23日―25日举行。为做好辽宁省适应性测试的疫情防控工作，依据《教育部办公厅 国家卫生健康委办公厅关于印发〈新冠肺炎疫情防控常态化下国家教育考试组考防疫工作指导意见〉的通知》（教学厅〔2020〕8号）要求，辽宁省招考办提醒广大考生及家长，做好考试期间的疫情防控。
一、考前准备
1.做好健康状况监测。考生须在考前做好每日体温测量和健康状况监测，尽量避",1
117551,"2021年辽宁省普通高校招生考试适应性测试将于1月23日―25日举行。为做好辽宁省适应性测试的疫情防控工作，依据《教育部办公厅 国家卫生健康委办公厅关于印发〈新冠肺炎疫情防控常态化下国家教育考试组考防疫工作指导意见〉的通知》（教学厅〔2020〕8号）要求，辽宁省招考办提醒广大考生及家长，做好考试期间的疫情防控。
一、考前准备
1.做好健康状况监测。考生须在考前做好每日体温测量和健康状况监测，尽量避",1
117553,记者从哈尔滨市应对新冠肺炎疫情工作指挥部 获悉，根据国务院应对新冠肺炎疫情联防联控机制关于科学划分、精准管控等工作要求，经哈尔滨市应对新冠肺炎疫情工作指挥部研究决定：自2021年1月15日起，将香坊区香坊大街街道办事处香中社区古香街12号，大庆路街道办事处电塔小区101栋7单元，和平路街道办事处风华社区石化小区9栋6单元、上东社区万象上东小区E栋2单元疫情风险等级调整为中风险地区。全市其他地区均为,1
117543,2021年1月14日0―24时，石家庄市新增新冠肺炎确诊病例84例。目前，对所有追踪到的密切接触者已全部采取集中隔离医学观察措施，各项防控措施有序进行。现将其行动轨迹公布如下：确诊病例：男，63岁，藁城区增村镇南桥寨村人。2020年12月28日至2021年1月9日居村无外出；1月9日核酸检测呈阳性，核酸复核呈阳性，当日由120负压救护车转运至河北省胸科医院；1月10日诊断为无症状感染者；1月14日,1
117433,"今天（1月14日）下午，黑龙江省绥化市召开新闻发布会，介绍新冠肺炎疫情防控最新情况。发布会上，相关负责人表示，经对病毒基因测序，绥化望奎县的2个病例基因组变异12个，和12月份大连疫情病例高度同源，目前并不能证明病毒是由大连传入的。具体病毒来源正在溯源中。
（编辑 孙杉杉）",1
117385,1月13日12时至1月14日12时，沈阳市无新增新冠肺炎确诊病例。今天（1月14日）下午，沈阳市召开疫情防控新闻发布会，沈阳市卫生健康委新闻发言人毛印百在发布会上通报，1月14日，沈阳本次疫情3例本土新冠肺炎患者在沈阳市第六人民医院治愈出院。患者治愈出院后，需在沈阳市第六人民医院康复病房继续进行康复治疗及医学观察。按照国务院联防联控机制《关于调整新冠肺炎疫情分区分级标准实施精准管控措施的通知》要求,1
117404,今天（14日）下午，记者从广西南宁新型冠状病毒肺炎疫情防控工作领导小组指挥部召开的新闻发布会上了解到，2021年1月14日，南宁市疾控中心在对南宁市入境隔离专班工作人员按规范要求隔离并进行常规核酸检测中，发现富星科技有限公司负责场所消杀的1名工作人员陈某核酸检测为阳性。目前，已将陈某转运至南宁市第四人民医院诊治，并对排查出的密切接触者进行转运隔离。南宁市第一时间启用应急机制和响应措施，全面溯源排查,1
117332,河北省卫生健康委14日通报，河北省新增1例新冠肺炎死亡病例。13日0时至24时，新增81例本地新冠肺炎确诊病例，其中石家庄市报告75例（9例为无症状感染者转为确诊病例），邢台市报告6例。13日0时至24时，河北省新增4例本地无症状感染者，其中石家庄市报告3例，邢台市报告1例。15例无症状感染者解除隔离医学观察。,1
117317,2021年1月13日0-24时，石家庄市新增新冠肺炎确诊病例75例。目前，对所有追踪到的密切接触者已全部采取集中隔离医学观察措施，各项防控措施有序进行。现将其行动轨迹公布如下：确诊病例1：女，54岁，藁城区西关镇前西关村人。,1
117300,1月13日0―24时，31个省（自治区、直辖市）和新疆生产建设兵团报告新增确诊病例138例，其中境外输入病例14例（上海8例，广东3例，北京1例，河南1例，广西1例），本土病例124例（河北81例，黑龙江43例）；新增死亡病例1例，为本土病例（在河北）；无新增疑似病例。当日新增治愈出院病例36例，解除医学观察的密切接触者895人，重症病例较前一日增加3例。境外输入现有确诊病例284例（其中重症病例,1
117303,记者从河南省郑州市市场监管局了解到，郑州市已经下发《关于加强郑州市药品零售企业销售治疗发热类药品监管工作的通知》，要求即日起，全市各药品零售企业销售治疗发热类药品，必须对购买顾客实行实名登记，对不落实的企业将列为失信名单和重点飞检对象。根据《通知》要求，登记内容包括购买人的姓名、身份证号、家庭住址、联系电话、体温检测、所售药品名称、生产厂家、销售数量、批号等。《通知》指出，各药品零售企业在营业期间,1
117300,1月13日0―24时，31个省（自治区、直辖市）和新疆生产建设兵团报告新增确诊病例138例，其中境外输入病例14例（上海8例，广东3例，北京1例，河南1例，广西1例），本土病例124例（河北81例，黑龙江43例）；新增死亡病例1例，为本土病例（在河北）；无新增疑似病例。当日新增治愈出院病例36例，解除医学观察的密切接触者895人，重症病例较前一日增加3例。境外输入现有确诊病例284例（其中重症病例,1
117303,记者从河南省郑州市市场监管局了解到，郑州市已经下发《关于加强郑州市药品零售企业销售治疗发热类药品监管工作的通知》，要求即日起，全市各药品零售企业销售治疗发热类药品，必须对购买顾客实行实名登记，对不落实的企业将列为失信名单和重点飞检对象。根据《通知》要求，登记内容包括购买人的姓名、身份证号、家庭住址、联系电话、体温检测、所售药品名称、生产厂家、销售数量、批号等。《通知》指出，各药品零售企业在营业期间,1
117146,1月13日，上海市疫情防控工作领导小组办公室发布信息，为进一步强化上海市冬春季疫情防控工作，做好来沪返沪人员健康管理，现发布冬春季来沪返沪人员防控措施：?1、除返乡探亲、必要公务等以外，非必要不离沪、非必要不出境，鼓励在沪过春节，尽量减少人员流动。2、国内疫情中高风险地区人员暂缓来沪返沪，待所在地区风险等级降至低风险后方可来沪返沪。3、所有来自国内疫情中高风险地区及其所在地级市（区）的来沪返沪人员,1
117218,"今天（13日）晚上，黑龙江省召开疫情防控新闻发布会 ，对疫情防控相关情况进行通报。会上通报，1月13日0时至19时，黑龙江新增新冠肺炎确诊病例40例，新增无症状感染者50例。
1月13日0时至19时，黑龙江全省新增新冠肺炎确诊病例40例，其中绥化市望奎县36例，哈尔滨市香坊区2例，绥化市北林区2例订正为确诊病例。新增无症状感染者50例。",1
117190,"今天（13日）16时，北京市召开疫情防控第209场例行新闻发布会，就疫情防控最新情况进行发布。
北京市疾病预防控制中心副主任庞星火通报，2020年12月14日，北京市报告1例隔离期满后核酸检测阳性的确诊病例，随后与其密切接触者中，新增3例本地确诊病例，疾控机构迅速开展溯源工作，对感染来源进行调查，经过流行病学调查、人员和环境标本、核酸检测以及全基因组测序分析，初步确定从中国香港抵京的病例为此次疫情",1
117195,据齐齐哈尔市疾控中心消息，2021年1月13日，黑龙江省齐齐哈尔市在对无症状感染者的密切接触者追踪时，检出4例核酸阳性结果，经市级专家组会诊均诊断为无症状感染者。截止到1月13日17时，此次输入性病例引起的家庭聚集性疫情共发现11例无症状感染者。目前，齐齐哈尔市对追踪到的密切接触者及密切接触者的密切接触者已全部采取集中隔离医学观察措施；对其居所及主要活动场所相关人员92500份样品进行了核酸检测，,1
117171,今天（13日）下午，河北省邢台市召开疫情防控新闻发布会，介绍疫情防控最新情况。,1
117163,"今天（13日）下午，石家庄市召开新冠肺炎疫情防控新闻发布会，对疫情防控相关情况进行通报。
石家庄市副市长孟祥红在发布会上介绍，石家庄藁城区增村镇小果庄村，刘家佐村、南桥寨村，是本次疫情的重灾区，全体村民5437人，除2人患严重基础性疾病不易转移之外，已全部集中隔离。",1
117171,今天（13日）下午，河北省邢台市召开疫情防控新闻发布会，介绍疫情防控最新情况。,1
117070,"记者今天（1月13日）从山东省威海市卫健委了解到，1月12日，威海市发现1例新冠肺炎无症状感染者，为黑龙江省绥化市望奎县来威人员，详细情况通报如下：
△图片来源：威海市卫生健康委员会官网
病例：白某，男，22岁，现住临港区苘山镇和谐苑小区，临港区苘山镇三联家电送货员。1月6日，在黑龙江省望奎县城参加婚礼；1月9日19时45分，乘坐东方航空MU2764航班由哈尔滨飞往威海，21时30分抵达后由亲属驾",1
117091,1月12日，黑龙江哈尔滨市应对新型冠状病毒感染肺炎疫情工作指挥部发布第21号公告。明确对近14天内来自国内中高风险地区的抵返哈人员，在抵返前、抵哈后应当主动向所在社区（村屯）或单位（或所住宾馆）报告。对隐瞒不报发生疫情的，将依法依规严肃查处。公告还指出，凡来自国内中高风险地区的抵返哈人员，一律实行“14天集中隔离医学观察+7天社区健康管理+3次核酸检测（在第1天、第14天和第21天分别进行）”管控,1
116786,据黑龙江绥化市应对新型冠状病毒肺炎疫情工作指挥部消息，根据《关于绥化市实行交通管制和小区（村屯）管控的公告》，鉴于望奎县新冠肺炎疫情严峻形势，为严格防控病毒传播蔓延，切断传播途径，经绥化市应对新型冠状病毒肺炎疫情工作指挥部研究决定，对绥化市实行交通管制和小区（村屯）管控。其中，自2021年1月12日15时起，主城区所有进出城口全部封闭，禁止车辆和人员通行；关闭火车站候车大厅和进站通道，禁止旅客进站,1
116762,今天（1月12日）下午，河北省召开新冠肺炎疫情防控新闻发布会，通报疫情防控最新情况。,1
116762,今天（1月12日）下午，河北省召开新冠肺炎疫情防控新闻发布会，通报疫情防控最新情况。,1
116826,今天（12日）下午，石家庄市召开第八场疫情防控新闻发布会 ，对疫情防控相关情况进行通报。石家庄市副市长孟祥红在发布会上通报，1月12日0―12时，石家庄新增确诊病例21例，无症状感染者12例。,1
116839,今天（1月12日）下午，沈阳市召开疫情防控新闻发布会，沈阳市第六人民医院副院长王磊石在发布会上通报，自沈阳本次疫情发生以来，沈阳市第六人民医院累计收治37名本土新冠肺炎患者和1名无症状感染者。从2020年12月30日开始，沈阳市第六人民医院连夜清空分流了医院的原有患者，启用新落成的新建门急诊综合楼，为患者提供了优良的治疗环境和医疗设施。2020年12月24日，收治本土新冠肺炎患者第二天，辽宁省市卫,1
116753,受,1
116656,2021年1月11日0―24时，石家庄市新增新冠肺炎确诊病例39例。目前，对所有追踪到的密切接触者已全部采取集中隔离医学观察措施，各项防控措施有序进行。现将其行动轨迹公布如下：确诊病例1：女，59岁，现居住新乐市御华名府小区。2020年12月27日至2021年1月3日，每天上午在家，下午去姐姐（1月10日第74号确诊病例）经营的棋牌室（新乐市长寿街道东长寿村内）活动；1月4日到新乐市集贸市场做核酸,1
116656,2021年1月11日0―24时，石家庄市新增新冠肺炎确诊病例39例。目前，对所有追踪到的密切接触者已全部采取集中隔离医学观察措施，各项防控措施有序进行。现将其行动轨迹公布如下：确诊病例1：女，59岁，现居住新乐市御华名府小区。2020年12月27日至2021年1月3日，每天上午在家，下午去姐姐（1月10日第74号确诊病例）经营的棋牌室（新乐市长寿街道东长寿村内）活动；1月4日到新乐市集贸市场做核酸,1
116491,"1月6日，美国国会大厦遭示威者暴力冲击。事发时，一些警察允许示威者进入国会，甚至与示威者自拍，警察对待白人示威者的态度令非洲裔民众感到心寒。联想起近年来频发的非洲裔民众遭警察暴力执法事件，以及在“黑人的命也是命”反种族主义运动中，示威者遭警方使用催泪瓦斯驱逐，非洲裔民众认为，白人至上主义的存在就是警察执法“双重标准”的原因。
非洲裔女性：警察“双标”令人伤心
美国国会大厦遭冲击事件撕开了非洲裔女性",1
116639,1月11日0―24时，31个省（自治区、直辖市）和新疆生产建设兵团报告新增确诊病例55例，其中境外输入病例13例（上海4例，辽宁3例，天津2例，福建1例，河南1例，广东1例，陕西1例），本土病例42例（河北40例，北京1例，黑龙江1例）；无新增死亡病例；无新增疑似病例。当日新增治愈出院病例31例，解除医学观察的密切接触者567人，重症病例较前一日减少2例。境外输入现有确诊病例291例（其中重症病例,1
116491,"1月6日，美国国会大厦遭示威者暴力冲击。事发时，一些警察允许示威者进入国会，甚至与示威者自拍，警察对待白人示威者的态度令非洲裔民众感到心寒。联想起近年来频发的非洲裔民众遭警察暴力执法事件，以及在“黑人的命也是命”反种族主义运动中，示威者遭警方使用催泪瓦斯驱逐，非洲裔民众认为，白人至上主义的存在就是警察执法“双重标准”的原因。
非洲裔女性：警察“双标”令人伤心
美国国会大厦遭冲击事件撕开了非洲裔女性",1
116291,2021年1月10日0-24时，石家庄市新增新冠肺炎确诊病例77例。目前，对所有追踪到的密切接触者已全部采取集中隔离医学观察措施，各项防控措施有序进行。现将其行动轨迹公布如下：确诊病例1：男，58岁，藁城区增村镇小果庄村人。2020年12月26日驾车到石家庄站接站；2020年12月27日至2021年1月2日在本村活动无外出；1月2日采集咽拭子；1月3日核酸检测呈阳性，核酸复核呈阳性，当日由120负,1
116405,"1月10日0时至24时，北京新增1例本地确诊病例和4例无症状感染者，无新增疑似病例。今天（11日）下午，北京市政府新闻办召开疫情防控新闻发布会，通报疫情相关情况并答记者问。北京市疾病预防控制中心副主任庞星火在发布会上通报，1月9日和1月10日，北京市共报告2例确诊病例和5例无症状感染者，均来自同一家庭，属于一起家庭聚集性疫情，初步判断该聚集性疫情密切接触者432人。
（编辑 胡月）",1
116291,2021年1月10日0-24时，石家庄市新增新冠肺炎确诊病例77例。目前，对所有追踪到的密切接触者已全部采取集中隔离医学观察措施，各项防控措施有序进行。现将其行动轨迹公布如下：确诊病例1：男，58岁，藁城区增村镇小果庄村人。2020年12月26日驾车到石家庄站接站；2020年12月27日至2021年1月2日在本村活动无外出；1月2日采集咽拭子；1月3日核酸检测呈阳性，核酸复核呈阳性，当日由120负,1
116291,2021年1月10日0-24时，石家庄市新增新冠肺炎确诊病例77例。目前，对所有追踪到的密切接触者已全部采取集中隔离医学观察措施，各项防控措施有序进行。现将其行动轨迹公布如下：确诊病例1：男，58岁，藁城区增村镇小果庄村人。2020年12月26日驾车到石家庄站接站；2020年12月27日至2021年1月2日在本村活动无外出；1月2日采集咽拭子；1月3日核酸检测呈阳性，核酸复核呈阳性，当日由120负,1
115884,今天（1月9日）下午，河北省石家庄召开第五场疫情防控新闻发布会，通报相关情况。发布会上，石家庄相关负责人表示，小果庄村共有村民4721人，其中信教群众122人，信仰基督教，该村不是天主教聚集村；网上传言的“欧美神父在藁城传教”不符合事实。疫情暴发前，一些信教群众曾在该村一户人家里有过聚集活动，同其他聚集活动一样，容易造成疫情扩散，但目前没有证据表明疫情源头同宗教聚集有直接关系。疫情暴发后，当地立即,1
116266,1月10日0―24时，31个省（自治区、直辖市）和新疆生产建设兵团报告新增确诊病例103例，其中境外输入病例18例（广东7例，辽宁4例，天津2例，上海2例，福建1例，云南1例，陕西1例），本土病例85例（河北82例，辽宁2例，北京1例）；无新增死亡病例；无新增疑似病例。当日新增治愈出院病例18例，解除医学观察的密切接触者405人，重症病例较前一日增加4例。境外输入现有确诊病例298例（其中重症病例,1
116110,三,1
116021,2021年1月9日0―24时，石家庄市新增新冠肺炎确诊病例44例。目前，对所有追踪到的密切接触者已全部采取集中隔离医学观察措施，各项防控措施有序进行。现将其行动轨迹公布如下：确诊病例1：女，69岁，藁城区增村镇小果庄村人。2020年12月20日至31日在本村活动无外出；2021年1月1日到正定县新城铺村浅舍饭店就餐；1月2日至3日居家无外出；1月4日核酸检测呈阳性，当日由120负压救护车转运至石家,1
116021,2021年1月9日0―24时，石家庄市新增新冠肺炎确诊病例44例。目前，对所有追踪到的密切接触者已全部采取集中隔离医学观察措施，各项防控措施有序进行。现将其行动轨迹公布如下：确诊病例1：女，69岁，藁城区增村镇小果庄村人。2020年12月20日至31日在本村活动无外出；2021年1月1日到正定县新城铺村浅舍饭店就餐；1月2日至3日居家无外出；1月4日核酸检测呈阳性，当日由120负压救护车转运至石家,1
116010,1月9日0―24时，31个省（自治区、直辖市）和新疆生产建设兵团报告新增确诊病例69例，其中境外输入病例21例（福建6例，天津4例，上海4例，辽宁2例，浙江2例，山西1例，广东1例，陕西1例），本土病例48例（河北46例，北京1例，辽宁1例）；无新增死亡病例；无新增疑似病例。当日新增治愈出院病例16例，解除医学观察的密切接触者584人，重症病例与前一日持平。境外输入现有确诊病例294例（其中重症病,1
115884,今天（1月9日）下午，河北省石家庄召开第五场疫情防控新闻发布会，通报相关情况。发布会上，石家庄相关负责人表示，小果庄村共有村民4721人，其中信教群众122人，信仰基督教，该村不是天主教聚集村；网上传言的“欧美神父在藁城传教”不符合事实。疫情暴发前，一些信教群众曾在该村一户人家里有过聚集活动，同其他聚集活动一样，容易造成疫情扩散，但目前没有证据表明疫情源头同宗教聚集有直接关系。疫情暴发后，当地立即,1
115726,"
          1月8日0―24时，31个省（自治区、直辖市）和新疆生产建设兵团报告新增确诊病例33例，其中境外输入病例16例（上海7例，辽宁4例，广东2例，江苏1例，福建1例，山东1例），本土病例17例（河北14例，辽宁3例）；无新增死亡病例；新增疑似病例1例，为境外输入病例（在上海）。
当日新增治愈出院病例19例，解除医学观察的密切接触者617人，重症病例较前一日增加3例。
境外输入现有确诊病例281例（其中重症病例5例），现有疑似病例1例。累计确诊病例4391例，累计治愈出院病例4110例，无死亡病例。
截至1月8日24时，据31个省（自治区、直辖市）和新疆生产建设兵团报告，现有确诊病例535例（其中重症病例16例），累计治愈出院病例82195例，累计死亡病例4634例，累计报告确诊病例87364例，现有疑似病例1例。累计追踪到密切接触者922790人，尚在医学观察的密切接触者25414人。
31个省（自治区、直辖市）和新疆生产建设兵团报告新增无症状感染者38例（境外输入21例）；当日转为确诊病例1例（为境外输入）；当日解除医学观察12例（境外输入10例）；尚在医学观察无症状感染者483例（境外输入253例）。
累计收到港澳台地区通报确诊病例10023例。其中，香港特别行政区9152例（出院8307例，死亡155例），澳门特别行政区46例（出院46例），台湾地区825例（出院714例，死亡7例）。



（注：媒体引用时，请标注“信息来自国家卫生健康委员会官方网站”。）

",1
115884,今天（1月9日）下午，河北省石家庄召开第五场疫情防控新闻发布会，通报相关情况。发布会上，石家庄相关负责人表示，小果庄村共有村民4721人，其中信教群众122人，信仰基督教，该村不是天主教聚集村；网上传言的“欧美神父在藁城传教”不符合事实。疫情暴发前，一些信教群众曾在该村一户人家里有过聚集活动，同其他聚集活动一样，容易造成疫情扩散，但目前没有证据表明疫情源头同宗教聚集有直接关系。疫情暴发后，当地立即,1
115835,"今天（1月9日）下午，河北省召开疫情防控第二场新闻发布会，介绍疫情防控最新情况。发布会上，相关负责人表示，本次疫情还没有看到明显的拐点，尽管这两天有的时候新增的阳性确诊病例出现了下降，但是据专家们判断，还不能确定现在已经出现了拐点。另外溯源工作还在进行，病情蔓延的状态还没有萎缩的趋势，扩散的风险依然存在。
（编辑 唐泽屹）",1
115835,"今天（1月9日）下午，河北省召开疫情防控第二场新闻发布会，介绍疫情防控最新情况。发布会上，相关负责人表示，本次疫情还没有看到明显的拐点，尽管这两天有的时候新增的阳性确诊病例出现了下降，但是据专家们判断，还不能确定现在已经出现了拐点。另外溯源工作还在进行，病情蔓延的状态还没有萎缩的趋势，扩散的风险依然存在。
（编辑 唐泽屹）",1
115726,"
          1月8日0―24时，31个省（自治区、直辖市）和新疆生产建设兵团报告新增确诊病例33例，其中境外输入病例16例（上海7例，辽宁4例，广东2例，江苏1例，福建1例，山东1例），本土病例17例（河北14例，辽宁3例）；无新增死亡病例；新增疑似病例1例，为境外输入病例（在上海）。
当日新增治愈出院病例19例，解除医学观察的密切接触者617人，重症病例较前一日增加3例。
境外输入现有确诊病例281例（其中重症病例5例），现有疑似病例1例。累计确诊病例4391例，累计治愈出院病例4110例，无死亡病例。
截至1月8日24时，据31个省（自治区、直辖市）和新疆生产建设兵团报告，现有确诊病例535例（其中重症病例16例），累计治愈出院病例82195例，累计死亡病例4634例，累计报告确诊病例87364例，现有疑似病例1例。累计追踪到密切接触者922790人，尚在医学观察的密切接触者25414人。
31个省（自治区、直辖市）和新疆生产建设兵团报告新增无症状感染者38例（境外输入21例）；当日转为确诊病例1例（为境外输入）；当日解除医学观察12例（境外输入10例）；尚在医学观察无症状感染者483例（境外输入253例）。
累计收到港澳台地区通报确诊病例10023例。其中，香港特别行政区9152例（出院8307例，死亡155例），澳门特别行政区46例（出院46例），台湾地区825例（出院714例，死亡7例）。



（注：媒体引用时，请标注“信息来自国家卫生健康委员会官方网站”。）

",1
115589,会上通报了哪些重要信息？一图速览！,1
115462,"在7日播出的《新闻1+1》节目中，国家卫健委疾病预防控制咨询委员会的专家吴浩介绍了本轮河北疫情的三大传播特点。
确诊病例集中在农村地区
多个村庄毗邻机场
截至2021年1月7日晚，从已公布的确诊病例来看，绝大多数确诊病例来自藁城区，并且集中在增村镇小果庄村、刘家佐村、北桥寨村、南桥寨村、东桥寨村等地。
从当前排查的情况看，活动区域以小果庄村人为主体，涵盖市内五区和正定、鹿泉、新乐等十个区县。值得注",1
115237,今天（1月7日）下午，河北省石家庄市召开疫情防控第3场新闻发布会。介绍疫情防控最新情况。,1
115465,1月8日，据南宫市新冠肺炎疫情防控工作领导小组发布消息，当前正值南宫市疫情防控的关键时期，为切实做到南宫市全员核酸检测不漏一人，充分调动社会各方力量积极参与疫情防控工作，有效控制疫情的传播和蔓延，保障广大人民群众身体健康和生命安全。经研究，南宫市决定对未进行核酸检测人员实行有奖举报。现就有关事宜通告如下：一、鼓励居民、企业、社会各类组织举报未检测人员，经查证属实后，报经指挥部审批同意，及时给予每人,1
115415,1月7日0―24时，31个省（自治区、直辖市）和新疆生产建设兵团报告新增确诊病例53例，其中境外输入病例16例（上海8例，广东3例，辽宁1例，江苏1例，福建1例，河南1例，湖南1例），本土病例37例（河北33例，辽宁2例，北京1例，黑龙江1例）；无新增死亡病例；无新增疑似病例。当日新增治愈出院病例17例，解除医学观察的密切接触者1094人，重症病例与前一日持平。,1
115237,今天（1月7日）下午，河北省石家庄市召开疫情防控第3场新闻发布会。介绍疫情防控最新情况。,1
115106,杭州一医生泄露流调报告内容被行拘,1
115106,杭州一医生泄露流调报告内容被行拘,1
115087,"邢台新增1例本地病例行动轨迹公布
2021年1月6日0―24时，南宫市新增1例新冠肺炎确诊病例（无症状感染者转为确诊病例）。目前，对所有追踪到的密切接触者已全部采取集中隔离医学观察措施，各项防控措施有序进行。现将其行动轨迹公布如下：确诊病例1：男，42岁，南宫市文景名苑居民，2020年12月18日到凤岗参加宣传活动。12月19日正常上班无外出。12月21日到济安堂批发药品公司安排工作。12月22日",1
115058,1月6日0―24时，31个省（自治区、直辖市）和新疆生产建设兵团报告新增确诊病例63例，其中境外输入病例11例（上海5例，河北2例，广东2例，陕西2例），本土病例52例（河北51例，辽宁1例）；无新增死亡病例；无新增疑似病例。当日新增治愈出院病例21例，解除医学观察的密切接触者699人，重症病例较前一日减少1例。境外输入现有确诊病例280例（其中重症病例4例），无现有疑似病例。累计确诊病例4359,1
114677,1月5日0―24时，31个省（自治区、直辖市）和新疆生产建设兵团报告新增确诊病例32例，其中境外输入病例9例（广东3例，陕西3例，上海2例，天津1例），本土病例23例（河北20例，北京1例，辽宁1例，黑龙江1例）；无新增死亡病例；新增疑似病例2例，其中境外输入病例1例（在上海），本土病例1例（在辽宁）。当日新增治愈出院病例21例，解除医学观察的密切接触者784人，重症病例较前一日增加1例。境外输入,1
114985,为进一步推动疫情防控工作任务落实，强化警示教育，现将有关问责情况通报如下。1、藁城区政府副区长、区应急指挥部副指挥长冯志强在组织指挥刘家佐村开展疫情防控工作中，安排部署不到位，督促检查不力，对1月3日该村出现一名核酸检测阳性村民失控外出就医问题负主要领导责任，给予冯志强党内警告处分。2、藁城区增村镇行政综合服务中心主任、刘家佐村包村干部聂潇男，在组织安排刘家佐村人员封闭管理过程中，落实疫情防控要求,1
114876,"据辽宁省公安厅交通安全管理局消息：受疫情影响，辽宁多地陆续出台相关交通管制措施，涉及沈阳、大连、鞍山、抚顺、锦州、铁岭六市。
离开沈阳的规定：
沈阳桃仙机场、沈阳北站、辽宁省快速汽车客运站，在执行离沈人员体温检测、查验健康码的同时，严格查验离沈人员“通信大数据行程码”，对于行程码显示“到达或途经：辽宁省沈阳市”的人员均须持有72小时内核酸检测阴性证明方可离沈。
离开大连的规定：
中高风险地区的人员",1
114876,"据辽宁省公安厅交通安全管理局消息：受疫情影响，辽宁多地陆续出台相关交通管制措施，涉及沈阳、大连、鞍山、抚顺、锦州、铁岭六市。
离开沈阳的规定：
沈阳桃仙机场、沈阳北站、辽宁省快速汽车客运站，在执行离沈人员体温检测、查验健康码的同时，严格查验离沈人员“通信大数据行程码”，对于行程码显示“到达或途经：辽宁省沈阳市”的人员均须持有72小时内核酸检测阴性证明方可离沈。
离开大连的规定：
中高风险地区的人员",1
114746,?浙江杭州发现一例境外输入复阳无症状感染者,1
114717,2021年1月5日0―24时，石家庄市新增新冠肺炎确诊病例19例。目前，对所有追踪到的密切接触者已全部采取集中隔离医学观察措施，各项防控措施有序进行。现将其行动轨迹公布如下：确诊病例1：男，15岁，藁城区增村镇小果庄村人。2020年12月19日至30日在藁城区第七中学寄宿学习，周末回家，12月31日放学后回家；2021年1月1日居家未外出；1月2日出现发热，当晚进行核酸检测，结果呈阳性；1月4日核,1
114717,2021年1月5日0―24时，石家庄市新增新冠肺炎确诊病例19例。目前，对所有追踪到的密切接触者已全部采取集中隔离医学观察措施，各项防控措施有序进行。现将其行动轨迹公布如下：确诊病例1：男，15岁，藁城区增村镇小果庄村人。2020年12月19日至30日在藁城区第七中学寄宿学习，周末回家，12月31日放学后回家；2021年1月1日居家未外出；1月2日出现发热，当晚进行核酸检测，结果呈阳性；1月4日核,1
114677,1月5日0―24时，31个省（自治区、直辖市）和新疆生产建设兵团报告新增确诊病例32例，其中境外输入病例9例（广东3例，陕西3例，上海2例，天津1例），本土病例23例（河北20例，北京1例，辽宁1例，黑龙江1例）；无新增死亡病例；新增疑似病例2例，其中境外输入病例1例（在上海），本土病例1例（在辽宁）。当日新增治愈出院病例21例，解除医学观察的密切接触者784人，重症病例较前一日增加1例。境外输入,1
114286,1月4日0―24时，31个省（自治区、直辖市）和新疆生产建设兵团报告新增确诊病例33例，其中境外输入病例16例（上海6例，广东4例，天津1例，辽宁1例，江苏1例，福建1例，河南1例，四川1例），本土病例17例（河北14例，辽宁2例，北京1例）；无新增死亡病例；无新增疑似病例。当日新增治愈出院病例12例，解除医学观察的密切接触者312人，重症病例较前一日增加3例。境外输入现有确诊病例294例（其中重,1
114528,从1月2日报告首例病例至1月4日24时，河北省共报告本土确诊病例19例、无症状感染者40例。为严防疫情扩散，河北省立即启动应急机制，全面排查追踪，开展全员核酸检测，严格集中隔离场所规范管理，严格预检分诊和院感控制，强化冷链食品和非冷链物品全链条监管，坚决用最快速度、最高效率，把疫情控制在最小范围。根据国务院联防联控机制关于局部聚集性应对处置工作要求，河北省立即进入战时状态，组织省、市、县（区）三级,1
114398,芝,1
113960,鉴于石家庄市藁城区出现确诊病例，1月3日下午，石家庄市召开应对新冠肺炎疫情工作会议，宣布迅速进入战时状态，并科学、精准、高效抓好各项防控工作。会上提出了七方面要求：一、坚决落实好流调彻查工作。要动用一切人员力量、技术手段，深入开展流行病学调查，摸清重点人员轨迹，全面追踪排查活动区域，确保一人不漏；要掌握密接人员轨迹，该管控的管控、该异地协查管控的第一时间推送信息；要加大传染源的跟踪检测，尽快查清传,1
114286,1月4日0―24时，31个省（自治区、直辖市）和新疆生产建设兵团报告新增确诊病例33例，其中境外输入病例16例（上海6例，广东4例，天津1例，辽宁1例，江苏1例，福建1例，河南1例，四川1例），本土病例17例（河北14例，辽宁2例，北京1例）；无新增死亡病例；无新增疑似病例。当日新增治愈出院病例12例，解除医学观察的密切接触者312人，重症病例较前一日增加3例。境外输入现有确诊病例294例（其中重,1
114286,1月4日0―24时，31个省（自治区、直辖市）和新疆生产建设兵团报告新增确诊病例33例，其中境外输入病例16例（上海6例，广东4例，天津1例，辽宁1例，江苏1例，福建1例，河南1例，四川1例），本土病例17例（河北14例，辽宁2例，北京1例）；无新增死亡病例；无新增疑似病例。当日新增治愈出院病例12例，解除医学观察的密切接触者312人，重症病例较前一日增加3例。境外输入现有确诊病例294例（其中重,1
113960,鉴于石家庄市藁城区出现确诊病例，1月3日下午，石家庄市召开应对新冠肺炎疫情工作会议，宣布迅速进入战时状态，并科学、精准、高效抓好各项防控工作。会上提出了七方面要求：一、坚决落实好流调彻查工作。要动用一切人员力量、技术手段，深入开展流行病学调查，摸清重点人员轨迹，全面追踪排查活动区域，确保一人不漏；要掌握密接人员轨迹，该管控的管控、该异地协查管控的第一时间推送信息；要加大传染源的跟踪检测，尽快查清传,1
113942,1月3日0―24时，31个省（自治区、直辖市）和新疆生产建设兵团报告新增确诊病例33例，其中境外输入病例20例（陕西6例，上海4例，四川3例，广东2例，天津1例，山西1例，内蒙古1例，辽宁1例，福建1例），本土病例13例（辽宁6例，河北4例，北京2例，黑龙江1例）；无新增死亡病例；无新增疑似病例。当日新增治愈出院病例17例，解除医学观察的密切接触者452人，重症病例较前一日增加1例。境外输入现有确,1
113833,2021年1月2日0时至24时，大连市新增1例本土确诊病例，无新增无症状感染者，病例已转运至辽宁省集中救治大连中心隔离治疗。截至2021年1月2日24时大连市累计报告新冠肺炎确诊病例48例，正在实施医学观察的本地无症状感染者30例。1月3日下午，大连市举行疫情防控工作新闻发布会，大连市卫生健康委副主任赵连通报，首先，疫情发现早。本次疫情是大连市严格贯彻落实国务院联防联控机制工作要求，加强对冷链行业,1
113700,1月2日0―24时，31个省（自治区、直辖市）和新疆生产建设兵团报告新增确诊病例24例，其中境外输入病例16例（上海6例，福建2例，广东2例，陕西2例，北京1例，天津1例，内蒙古1例，辽宁1例），本土病例8例（黑龙江4例，辽宁2例，北京1例，河北1例）；无新增死亡病例；无新增疑似病例。当日新增治愈出院病例12例，解除医学观察的密切接触者960人，重症病例较前一日减少1例。境外输入现有确诊病例279,1
113559,1月1日0时至24时，北京市新增1例本地新冠肺炎确诊病例。相关情况通报如下：某男，53岁，现住顺义区仁和镇河南村，网约车司机。2020年12月26日作为确诊病例的密切接触者进行集中隔离医学观察，12月27日采集咽拭子进行核酸检测，结果为阴性；12月31日再次采集咽拭子进行核酸检测，结果为阳性，当日由120负压救护车转运至地坛医院隔离治疗。综合流行病学史、临床表现、实验室检测和影像学检查等结果，20,1
113700,1月2日0―24时，31个省（自治区、直辖市）和新疆生产建设兵团报告新增确诊病例24例，其中境外输入病例16例（上海6例，福建2例，广东2例，陕西2例，北京1例，天津1例，内蒙古1例，辽宁1例），本土病例8例（黑龙江4例，辽宁2例，北京1例，河北1例）；无新增死亡病例；无新增疑似病例。当日新增治愈出院病例12例，解除医学观察的密切接触者960人，重症病例较前一日减少1例。境外输入现有确诊病例279,1
113559,1月1日0时至24时，北京市新增1例本地新冠肺炎确诊病例。相关情况通报如下：某男，53岁，现住顺义区仁和镇河南村，网约车司机。2020年12月26日作为确诊病例的密切接触者进行集中隔离医学观察，12月27日采集咽拭子进行核酸检测，结果为阴性；12月31日再次采集咽拭子进行核酸检测，结果为阳性，当日由120负压救护车转运至地坛医院隔离治疗。综合流行病学史、临床表现、实验室检测和影像学检查等结果，20,1
113700,1月2日0―24时，31个省（自治区、直辖市）和新疆生产建设兵团报告新增确诊病例24例，其中境外输入病例16例（上海6例，福建2例，广东2例，陕西2例，北京1例，天津1例，内蒙古1例，辽宁1例），本土病例8例（黑龙江4例，辽宁2例，北京1例，河北1例）；无新增死亡病例；无新增疑似病例。当日新增治愈出院病例12例，解除医学观察的密切接触者960人，重症病例较前一日减少1例。境外输入现有确诊病例279,1
113559,1月1日0时至24时，北京市新增1例本地新冠肺炎确诊病例。相关情况通报如下：某男，53岁，现住顺义区仁和镇河南村，网约车司机。2020年12月26日作为确诊病例的密切接触者进行集中隔离医学观察，12月27日采集咽拭子进行核酸检测，结果为阴性；12月31日再次采集咽拭子进行核酸检测，结果为阳性，当日由120负压救护车转运至地坛医院隔离治疗。综合流行病学史、临床表现、实验室检测和影像学检查等结果，20,1
113559,1月1日0时至24时，北京市新增1例本地新冠肺炎确诊病例。相关情况通报如下：某男，53岁，现住顺义区仁和镇河南村，网约车司机。2020年12月26日作为确诊病例的密切接触者进行集中隔离医学观察，12月27日采集咽拭子进行核酸检测，结果为阴性；12月31日再次采集咽拭子进行核酸检测，结果为阳性，当日由120负压救护车转运至地坛医院隔离治疗。综合流行病学史、临床表现、实验室检测和影像学检查等结果，20,1
113452,"
          2021年1月1日0―24时，31个省（自治区、直辖市）和新疆生产建设兵团报告新增确诊病例22例，其中境外输入病例14例（上海4例，天津3例，广东3例，辽宁1例，福建1例，山东1例，陕西1例），本土病例8例（辽宁7例，北京1例）；无新增死亡病例；新增疑似病例1例，为境外输入病例（在上海）。
当日新增治愈出院病例9例，解除医学观察的密切接触者413人，重症病例较前一日增加1例。
境外输入现有确诊病例272例（其中重症病例3例），现有疑似病例1例。累计确诊病例4287例，累计治愈出院病例4015例，无死亡病例。
截至2021年1月1日24时，据31个省（自治区、直辖市）和新疆生产建设兵团报告，现有确诊病例383例（其中重症病例10例），累计治愈出院病例82076例，累计死亡病例4634例，累计报告确诊病例87093例，现有疑似病例1例。累计追踪到密切接触者906634人，尚在医学观察的密切接触者14311人。
31个省（自治区、直辖市）和新疆生产建设兵团报告新增无症状感染者21例（境外输入18例）；当日转为确诊病例2例（境外输入1例）；当日解除医学观察18例（境外输入15例）；尚在医学观察无症状感染者280例（境外输入229例）。
累计收到港澳台地区通报确诊病例9736例。其中，香港特别行政区8888例（出院7912例，死亡149例），澳门特别行政区46例（出院46例），台湾地区802例（出院682例，死亡7例）。


信息来自国家卫生健康委员会官方网站。",1
113334,近日，上海市疾控中心在对英国输入的新冠肺炎确诊病例进行基因测序监测中，发现1例病例的新冠病毒基因序列为B.1.1.7亚型，与近期英国报道的变异病毒基因相似。该病例为中国籍，在英国留学，12月13日自英国出发，12月14日抵达上海浦东国际机场，入关后即被集中隔离。12月16日诊断为新冠肺炎确诊病例（轻型）。目前，该病例在上海市公共卫生临床中心隔离治疗，病情平稳。该病例同航班所有旅客均按要求落实14天,1
112883,北京,1
112883,北京,1
112523,12月29日0―24时，31个省（自治区、直辖市）和新疆生产建设兵团报告新增确诊病例24例，其中境外输入病例17例（上海7例，天津3例，内蒙古2例，福建2例，浙江1例，山东1例，广东1例），本土病例7例（辽宁5例，北京1例，黑龙江1例）；无新增死亡病例；无新增疑似病例。,1
112523,12月29日0―24时，31个省（自治区、直辖市）和新疆生产建设兵团报告新增确诊病例24例，其中境外输入病例17例（上海7例，天津3例，内蒙古2例，福建2例，浙江1例，山东1例，广东1例），本土病例7例（辽宁5例，北京1例，黑龙江1例）；无新增死亡病例；无新增疑似病例。,1
112523,12月29日0―24时，31个省（自治区、直辖市）和新疆生产建设兵团报告新增确诊病例24例，其中境外输入病例17例（上海7例，天津3例，内蒙古2例，福建2例，浙江1例，山东1例，广东1例），本土病例7例（辽宁5例，北京1例，黑龙江1例）；无新增死亡病例；无新增疑似病例。,1
112523,12月29日0―24时，31个省（自治区、直辖市）和新疆生产建设兵团报告新增确诊病例24例，其中境外输入病例17例（上海7例，天津3例，内蒙古2例，福建2例，浙江1例，山东1例，广东1例），本土病例7例（辽宁5例，北京1例，黑龙江1例）；无新增死亡病例；无新增疑似病例。,1
112686,"国务院联防联控机制今天（12月30日）15时在北京召开新闻发布会，介绍两节期间疫情防控等情况。国家卫生健康委疾控局一级巡视员贺青华表示，提倡家庭私人聚会聚餐等控制在10人以下。
他说，元旦、新年的到来，年会、聚会等人群聚集的机会增多，给疫情防控增加了难度。元旦、春节期间疫情防控工作的核心措施是减少人员流动、减少人员聚集、减少旅途风险，加强个人防护、加强社区防控、加强外防输入，严格落实四方责任，严格",1
112686,"国务院联防联控机制今天（12月30日）15时在北京召开新闻发布会，介绍两节期间疫情防控等情况。国家卫生健康委疾控局一级巡视员贺青华表示，提倡家庭私人聚会聚餐等控制在10人以下。
他说，元旦、新年的到来，年会、聚会等人群聚集的机会增多，给疫情防控增加了难度。元旦、春节期间疫情防控工作的核心措施是减少人员流动、减少人员聚集、减少旅途风险，加强个人防护、加强社区防控、加强外防输入，严格落实四方责任，严格",1
112686,"国务院联防联控机制今天（12月30日）15时在北京召开新闻发布会，介绍两节期间疫情防控等情况。国家卫生健康委疾控局一级巡视员贺青华表示，提倡家庭私人聚会聚餐等控制在10人以下。
他说，元旦、新年的到来，年会、聚会等人群聚集的机会增多，给疫情防控增加了难度。元旦、春节期间疫情防控工作的核心措施是减少人员流动、减少人员聚集、减少旅途风险，加强个人防护、加强社区防控、加强外防输入，严格落实四方责任，严格",1
119329,1.22 日报,2
119091,1.21 日报,2
119091,1.21 日报,2
119091,1.21 日报,2
118840,1.20 疫情日报,2
118840,1.20 疫情日报,2
118840,1.20 疫情日报,2
118619,1.19 疫情日报,2
118619,1.19 疫情日报,2
118273,四省出现本土新增确诊，东北河北多地提高隔离要求，哈尔滨呼兰将开展全民核酸检测,2
118273,四省出现本土新增确诊，东北河北多地提高隔离要求，哈尔滨呼兰将开展全民核酸检测,2
118273,四省出现本土新增确诊，东北河北多地提高隔离要求，哈尔滨呼兰将开展全民核酸检测,2
118153,吉林出现 1 传 102，17 地升级中风险，北京河北延长隔离时间，天津涉疫雪糕追回中,2
118153,吉林出现 1 传 102，17 地升级中风险，北京河北延长隔离时间，天津涉疫雪糕追回中,2
117927,1.16 日报,2
117681,1.15 疫情日报,2
117444,1 月 14 日疫情日报,2
117212,"13日，辽宁省气象台最新发布，预计辽宁中东部地区有中雪到大雪、局部暴雪，大连地区及丹东南部雨夹雪转小雪，其他地区有小雪到中雪。降雪过后中东部地区气温下降 8～10℃，局部10～14℃，东部山区局部最低气温可达-30℃；降温同时伴有偏北大风，海区最大瞬时风力9～10级，陆地7～8级。需防范降雪、降温、大风天气对交通运输、人体健康、设施农业及疫情防控的不利影响。14日夜间至15日白天,受一股自新疆北部",2
117212,"13日，辽宁省气象台最新发布，预计辽宁中东部地区有中雪到大雪、局部暴雪，大连地区及丹东南部雨夹雪转小雪，其他地区有小雪到中雪。降雪过后中东部地区气温下降 8～10℃，局部10～14℃，东部山区局部最低气温可达-30℃；降温同时伴有偏北大风，海区最大瞬时风力9～10级，陆地7～8级。需防范降雪、降温、大风天气对交通运输、人体健康、设施农业及疫情防控的不利影响。14日夜间至15日白天,受一股自新疆北部",2
116904,比利时南部瓦隆大区政府12日宣布，将原定于1月15日结束的宵禁措施延长至2月15日。目前，比利时布鲁塞尔大区、瓦隆大区和弗拉芒大区均在执行宵禁措施，根据瓦隆大区的规定，除特殊紧急情况外，所有人在22时至次日6时不得外出。据比利时公共卫生部门发布的最新数据，比利时日均新增新冠肺炎确诊病例数持续上升，在2021年1月1日至1月7日这一周，比利时平均每天新增1816例新冠肺炎确诊病例，较此前一周上升14,2
116904,比利时南部瓦隆大区政府12日宣布，将原定于1月15日结束的宵禁措施延长至2月15日。目前，比利时布鲁塞尔大区、瓦隆大区和弗拉芒大区均在执行宵禁措施，根据瓦隆大区的规定，除特殊紧急情况外，所有人在22时至次日6时不得外出。据比利时公共卫生部门发布的最新数据，比利时日均新增新冠肺炎确诊病例数持续上升，在2021年1月1日至1月7日这一周，比利时平均每天新增1816例新冠肺炎确诊病例，较此前一周上升14,2
116904,比利时南部瓦隆大区政府12日宣布，将原定于1月15日结束的宵禁措施延长至2月15日。目前，比利时布鲁塞尔大区、瓦隆大区和弗拉芒大区均在执行宵禁措施，根据瓦隆大区的规定，除特殊紧急情况外，所有人在22时至次日6时不得外出。据比利时公共卫生部门发布的最新数据，比利时日均新增新冠肺炎确诊病例数持续上升，在2021年1月1日至1月7日这一周，比利时平均每天新增1816例新冠肺炎确诊病例，较此前一周上升14,2
116491,"1月6日，美国国会大厦遭示威者暴力冲击。事发时，一些警察允许示威者进入国会，甚至与示威者自拍，警察对待白人示威者的态度令非洲裔民众感到心寒。联想起近年来频发的非洲裔民众遭警察暴力执法事件，以及在“黑人的命也是命”反种族主义运动中，示威者遭警方使用催泪瓦斯驱逐，非洲裔民众认为，白人至上主义的存在就是警察执法“双重标准”的原因。
非洲裔女性：警察“双标”令人伤心
美国国会大厦遭冲击事件撕开了非洲裔女性",2
116328,△,2
116328,△,2
116328,△,2
115600,在,2
114229,根据 CNN 的统计，在英国最早发现的新的冠状病毒变种，也称为 B.1.1.7，目前在至少 37 个国家存在。专家说，尽管该变体看起来比其他新冠病毒更容易传播，但目前没有证据表明它更致命或引起更严重的疾病。世界卫生组织的一位官员说，正在研究这种变体是否会对冠状病毒疫苗构成挑战的实验，有望在本周获得测试结果。 ,2
114229,"据阿纳多卢通讯社报道，当地时间1月3日，索马里南部中谢贝利州地区的巴拉德小镇发生了两次爆炸，至少有三人丧生，八人受伤。第一次袭击炸死了两名平民，第二次袭击炸死了一名士兵。
受伤的士兵被转移到首都摩加迪沙的一家医院接受治疗。目前尚未有团体声称对这次袭击负责。（总台记者 马培敏）",2
113445,"美国新冠肺炎确诊破 2000 万		",2
113424,"面对新冠肺炎疫情大流行，2020年对全球各国民众来说都是极不平凡的一年。尽管如此，随着2021年的钟声敲响，各国民众仍以各自的方式庆祝新年的到来。多彩的灯光和绚烂的烟花仍是人们迎接新年最普遍的方式，与以往不同的是少了很多现场观众。也有的国家索性取消烟火表演，选择敲钟这一庄重而又不失仪式感的方式迎接新年的到来。因为严控疫情，还有许多国家将跨年活动改为线上直播或“虚拟”举行。
北京时间今天（1月1日）",2
112793,根据美国约翰斯・霍普金斯大学数据，美国于当地时间 12 月 29 日新增 3725 例新冠肺炎死亡病例，打破美国单日新增新冠肺炎死亡人数最高纪录。美国上一次打破该记录为 12 月 16 日，当日新增 3656 例新增新冠肺炎死亡病例。据悉，美国新增新冠肺炎相关死亡数目前仍呈上升趋势。截至美东时间 12 月 30 日上午 9 点，美国累计死亡病例 338656 例。,2
112492,当地时间12月29日，美国科罗拉多卫生官员表示，科罗拉多当地实验室确诊了美国首例变异新冠病毒感染者，并已通知美疾控中心。此感染者是名20多岁的男性，没有旅行经历，目前在隔离状态中。科罗拉多州州长表示，“我们对这种变异新冠病毒了解不多，但英国的科学家曾警告，该病毒更具有传染性。科罗拉多州居民的健康与安全是我们的重中之重，我们将密切监视这例感染的情况并尽最大努力阻止该病毒的传播。”,2
112492,当地时间12月29日，美国科罗拉多卫生官员表示，科罗拉多当地实验室确诊了美国首例变异新冠病毒感染者，并已通知美疾控中心。此感染者是名20多岁的男性，没有旅行经历，目前在隔离状态中。科罗拉多州州长表示，“我们对这种变异新冠病毒了解不多，但英国的科学家曾警告，该病毒更具有传染性。科罗拉多州居民的健康与安全是我们的重中之重，我们将密切监视这例感染的情况并尽最大努力阻止该病毒的传播。”,2
112492,当地时间12月29日，美国科罗拉多卫生官员表示，科罗拉多当地实验室确诊了美国首例变异新冠病毒感染者，并已通知美疾控中心。此感染者是名20多岁的男性，没有旅行经历，目前在隔离状态中。科罗拉多州州长表示，“我们对这种变异新冠病毒了解不多，但英国的科学家曾警告，该病毒更具有传染性。科罗拉多州居民的健康与安全是我们的重中之重，我们将密切监视这例感染的情况并尽最大努力阻止该病毒的传播。”,2
118865,春节返乡必须有 7 日内核酸检测证明！回家前，你一定要知道的 8 个问题,3
118865,春节返乡必须有 7 日内核酸检测证明！回家前，你一定要知道的 9 个问题,3
118246,"最近，国内疫情再次成为人们关注的话题。

12 天时间之内，河北累计新增 523 例确诊病例，黑龙江绥化也出现又一波疫情。1 月 15 日，吉林更是报告一例超级传播事件：1 名由黑龙江省输入的无症状感染者，已导致吉林省 3 市 19 人感染。
 
但与此同时，我们正要迎来一年之中最为重要的节日。年关降至，疫情却再次反复，几乎所有人都在问同一个问题：今年，我们还能安全回家过年吗？",3
117345,据央视新闻报道，1 月 11 日，石家庄市藁城区增村镇增村民收到紧急通知，要求一天之内全部转移，此次转移涉及增村镇 12 个村庄 2 万多名村民，做到「不落一户、不落一人」。,3
117150,当地时间1月13日，俄罗斯国家杜马（议会下院）主席沃洛金表示，一名感染新冠病毒的杜马议员病情极其严重，正在重症监护室抢救。目前，有三分之一的杜马议员确诊了新冠肺炎，其中两人死亡。据悉，俄国家杜马共有450名议员。（总台记者 王斌 宋瑶）,3
116828,"近日，在福建厦门，一辆混凝土搅拌车与一辆电动自行车相撞，导致骑车女孩被卷入车下，危急关头，经过此地的三名官兵挺身而出。
1月9日下午1点多，一辆大型混凝土搅拌车与一辆共享单车相撞，骑行单车的女孩陈某当场被卷入混凝土搅拌车底。执行任务返营途中的第73集团军某合成旅的三名官兵恰巧经过，排长胡登俊第一时间安排两名战友疏导交通，控制来往车辆速度，避免发生二次伤害。?
第73集团军某合成旅排长 胡登俊：当时",3
115752,国家卫生健康委员会副主任、国务院联防联控机制科研攻关组疫苗研发专班负责人曾益新9日在国务院联防联控机制新闻发布会上表示，12月15日以来，我国正式开展重点人群的接种工作，迄今为止全国重点人群接种量已近750万剂次，加上之前针对高风险人群接种的160余万剂次，我国已累计开展新冠病毒疫苗接种900多万剂次。在接种工作中，我们建立了较为完善的接种点设置规范、接种人员培训，受种人员筛查、不良反应监测、应急,3
115202,当地,3
114545,1,3
113824,在今天（1月3日）下午北京市召开的新冠肺炎疫情防控第200场新闻发布会上，北京市疾控中心副主任庞星火主要从四个方面进行了科普提示：一、这次新冠疫苗不适合接种的人群包括孕妇、哺乳期妇女，正处在发热感染疾病的急性期，免疫紊乱的人群，严重的肝、肾疾病，药物不可控制的高血压，糖尿病并发症以及恶性肿瘤患者等人员。所有接种人员在接种前希望要仔细地阅读知情同意书，身体不适可暂缓接种。另外不在18到59岁接种年龄,3
113822,在今天（3日）下午北京市召开的新冠肺炎疫情防控第200场新闻发布会上，有记者问到病毒变异是否会对疫苗的效果产生影响，对此，中国疾病预防控制中心免疫规划首席专家、主任医师王华庆表示，没有看到病毒变异会对疫苗效果产生影响。（总台央视记者 王丰 刘雪楠）,3
113587,"当地时间1月2日，克罗地亚全国哀悼地震遇难者。所有国家机关、地方政府和悬挂国旗的各机构须降半旗，禁止娱乐活动，广播电视节目以哀悼日为主题。
2020年12月29日12时19分，克罗地亚发生里氏6.4级地震（欧洲地中海地震中心定级为6.2级），震中位于首都萨格勒布50公里外的小城佩特里尼亚，地震造成7人死亡，超过2000栋建筑物遭到毁坏。12月30日，克罗地亚政府宣布2021年1月2日为全国哀悼日。",3
113587,"当地时间1月2日，克罗地亚全国哀悼地震遇难者。所有国家机关、地方政府和悬挂国旗的各机构须降半旗，禁止娱乐活动，广播电视节目以哀悼日为主题。
2020年12月29日12时19分，克罗地亚发生里氏6.4级地震（欧洲地中海地震中心定级为6.2级），震中位于首都萨格勒布50公里外的小城佩特里尼亚，地震造成7人死亡，超过2000栋建筑物遭到毁坏。12月30日，克罗地亚政府宣布2021年1月2日为全国哀悼日。",3
113587,"当地时间1月2日，克罗地亚全国哀悼地震遇难者。所有国家机关、地方政府和悬挂国旗的各机构须降半旗，禁止娱乐活动，广播电视节目以哀悼日为主题。
2020年12月29日12时19分，克罗地亚发生里氏6.4级地震（欧洲地中海地震中心定级为6.2级），震中位于首都萨格勒布50公里外的小城佩特里尼亚，地震造成7人死亡，超过2000栋建筑物遭到毁坏。12月30日，克罗地亚政府宣布2021年1月2日为全国哀悼日。",3
113610,英国批准疫苗混搭引发争议,3
113587,"当地时间1月2日，克罗地亚全国哀悼地震遇难者。所有国家机关、地方政府和悬挂国旗的各机构须降半旗，禁止娱乐活动，广播电视节目以哀悼日为主题。
2020年12月29日12时19分，克罗地亚发生里氏6.4级地震（欧洲地中海地震中心定级为6.2级），震中位于首都萨格勒布50公里外的小城佩特里尼亚，地震造成7人死亡，超过2000栋建筑物遭到毁坏。12月30日，克罗地亚政府宣布2021年1月2日为全国哀悼日。",3
112943,国务院联防联控机制今日（12月31日）举行新闻发布会。科学技术部、国家卫生健康委员会、国家药品监督管理局、外交部、工业和信息化部有关负责人，疫苗研发专班专家，国药集团负责人介绍新冠病毒疫苗有关情况并答记者问。发布会上介绍，国药集团中国生物新冠灭活疫苗已获得国家药监局批准附条件上市。已有数据显示，保护率为79.34%，实现安全性、有效性、可及性、可负担性的统一，达到世界卫生组织及国家药监局相关标准要,3
112943,国务院联防联控机制今日（12月31日）举行新闻发布会。科学技术部、国家卫生健康委员会、国家药品监督管理局、外交部、工业和信息化部有关负责人，疫苗研发专班专家，国药集团负责人介绍新冠病毒疫苗有关情况并答记者问。发布会上介绍，国药集团中国生物新冠灭活疫苗已获得国家药监局批准附条件上市。已有数据显示，保护率为79.34%，实现安全性、有效性、可及性、可负担性的统一，达到世界卫生组织及国家药监局相关标准要,3
112774,习近平,3
112774,习近平,3
